Date,Region,Cars
2014-01-06,Akdeniz Bölgesi,
2014-01-13,Akdeniz Bölgesi,
2014-01-20,Akdeniz Bölgesi,
2014-01-27,Akdeniz Bölgesi,
2014-02-03,Akdeniz Bölgesi,
2014-02-10,Akdeniz Bölgesi,
2014-02-17,Akdeniz Bölgesi,
2014-02-24,Akdeniz Bölgesi,
2014-03-03,Akdeniz Bölgesi,
2014-03-10,Akdeniz Bölgesi,
2014-03-17,Akdeniz Bölgesi,
2014-03-24,Akdeniz Bölgesi,
2014-03-31,Akdeniz Bölgesi,
2014-04-07,Akdeniz Bölgesi,
2014-04-14,Akdeniz Bölgesi,
2014-04-21,Akdeniz Bölgesi,
2014-04-28,Akdeniz Bölgesi,
2014-05-05,Akdeniz Bölgesi,
2014-05-12,Akdeniz Bölgesi,
2014-05-19,Akdeniz Bölgesi,
2014-05-26,Akdeniz Bölgesi,
2014-06-02,Akdeniz Bölgesi,
2014-06-09,Akdeniz Bölgesi,
2014-06-16,Akdeniz Bölgesi,
2014-06-23,Akdeniz Bölgesi,
2014-06-30,Akdeniz Bölgesi,
2014-07-07,Akdeniz Bölgesi,
2014-07-14,Akdeniz Bölgesi,
2014-07-21,Akdeniz Bölgesi,
2014-07-28,Akdeniz Bölgesi,
2014-08-04,Akdeniz Bölgesi,
2014-08-11,Akdeniz Bölgesi,
2014-08-18,Akdeniz Bölgesi,
2014-08-25,Akdeniz Bölgesi,
2014-09-01,Akdeniz Bölgesi,
2014-09-08,Akdeniz Bölgesi,
2014-09-15,Akdeniz Bölgesi,
2014-09-22,Akdeniz Bölgesi,
2014-09-29,Akdeniz Bölgesi,
2014-10-06,Akdeniz Bölgesi,
2014-10-13,Akdeniz Bölgesi,
2014-10-20,Akdeniz Bölgesi,
2014-10-27,Akdeniz Bölgesi,
2014-11-03,Akdeniz Bölgesi,
2014-11-10,Akdeniz Bölgesi,
2014-11-17,Akdeniz Bölgesi,
2014-11-24,Akdeniz Bölgesi,
2014-12-01,Akdeniz Bölgesi,130762.0
2014-12-08,Akdeniz Bölgesi,130762.0
2014-12-15,Akdeniz Bölgesi,130762.0
2014-12-22,Akdeniz Bölgesi,130762.0
2014-12-29,Akdeniz Bölgesi,129947.0
2015-01-05,Akdeniz Bölgesi,129947.0
2015-01-12,Akdeniz Bölgesi,129947.0
2015-01-19,Akdeniz Bölgesi,129947.0
2015-01-26,Akdeniz Bölgesi,129947.0
2015-02-02,Akdeniz Bölgesi,131323.0
2015-02-09,Akdeniz Bölgesi,131323.0
2015-02-16,Akdeniz Bölgesi,131323.0
2015-02-23,Akdeniz Bölgesi,131323.0
2015-03-02,Akdeniz Bölgesi,133390.0
2015-03-09,Akdeniz Bölgesi,133390.0
2015-03-16,Akdeniz Bölgesi,133390.0
2015-03-23,Akdeniz Bölgesi,133390.0
2015-03-30,Akdeniz Bölgesi,133390.0
2015-04-06,Akdeniz Bölgesi,135681.0
2015-04-13,Akdeniz Bölgesi,135681.0
2015-04-20,Akdeniz Bölgesi,135681.0
2015-04-27,Akdeniz Bölgesi,135681.0
2015-05-04,Akdeniz Bölgesi,139959.0
2015-05-11,Akdeniz Bölgesi,139959.0
2015-05-18,Akdeniz Bölgesi,139959.0
2015-05-25,Akdeniz Bölgesi,139959.0
2015-06-01,Akdeniz Bölgesi,143904.0
2015-06-08,Akdeniz Bölgesi,143904.0
2015-06-15,Akdeniz Bölgesi,143904.0
2015-06-22,Akdeniz Bölgesi,143904.0
2015-06-29,Akdeniz Bölgesi,147243.0
2015-07-06,Akdeniz Bölgesi,147243.0
2015-07-13,Akdeniz Bölgesi,147243.0
2015-07-20,Akdeniz Bölgesi,147243.0
2015-07-27,Akdeniz Bölgesi,147243.0
2015-08-03,Akdeniz Bölgesi,148740.0
2015-08-10,Akdeniz Bölgesi,148740.0
2015-08-17,Akdeniz Bölgesi,148740.0
2015-08-24,Akdeniz Bölgesi,148740.0
2015-08-31,Akdeniz Bölgesi,151785.0
2015-09-07,Akdeniz Bölgesi,151785.0
2015-09-14,Akdeniz Bölgesi,151785.0
2015-09-21,Akdeniz Bölgesi,151785.0
2015-09-28,Akdeniz Bölgesi,153008.0
2015-10-05,Akdeniz Bölgesi,153008.0
2015-10-12,Akdeniz Bölgesi,153008.0
2015-10-19,Akdeniz Bölgesi,153008.0
2015-10-26,Akdeniz Bölgesi,153008.0
2015-11-02,Akdeniz Bölgesi,150863.0
2015-11-09,Akdeniz Bölgesi,150863.0
2015-11-16,Akdeniz Bölgesi,150863.0
2015-11-23,Akdeniz Bölgesi,150863.0
2015-11-30,Akdeniz Bölgesi,150190.0
2015-12-07,Akdeniz Bölgesi,150190.0
2015-12-14,Akdeniz Bölgesi,150190.0
2015-12-21,Akdeniz Bölgesi,150190.0
2015-12-28,Akdeniz Bölgesi,150190.0
2016-01-04,Akdeniz Bölgesi,150325.0
2016-01-11,Akdeniz Bölgesi,150325.0
2016-01-18,Akdeniz Bölgesi,150325.0
2016-01-25,Akdeniz Bölgesi,150325.0
2016-02-01,Akdeniz Bölgesi,153250.0
2016-02-08,Akdeniz Bölgesi,153250.0
2016-02-15,Akdeniz Bölgesi,153250.0
2016-02-22,Akdeniz Bölgesi,153250.0
2016-02-29,Akdeniz Bölgesi,148921.0
2016-03-07,Akdeniz Bölgesi,148921.0
2016-03-14,Akdeniz Bölgesi,148921.0
2016-03-21,Akdeniz Bölgesi,148921.0
2016-03-28,Akdeniz Bölgesi,148921.0
2016-04-04,Akdeniz Bölgesi,147732.0
2016-04-11,Akdeniz Bölgesi,147732.0
2016-04-18,Akdeniz Bölgesi,147732.0
2016-04-25,Akdeniz Bölgesi,147732.0
2016-05-02,Akdeniz Bölgesi,145663.0
2016-05-09,Akdeniz Bölgesi,145663.0
2016-05-16,Akdeniz Bölgesi,145663.0
2016-05-23,Akdeniz Bölgesi,145663.0
2016-05-30,Akdeniz Bölgesi,141995.0
2016-06-06,Akdeniz Bölgesi,141995.0
2016-06-13,Akdeniz Bölgesi,141995.0
2016-06-20,Akdeniz Bölgesi,141995.0
2016-06-27,Akdeniz Bölgesi,141995.0
2016-07-04,Akdeniz Bölgesi,140262.0
2016-07-11,Akdeniz Bölgesi,140262.0
2016-07-18,Akdeniz Bölgesi,140262.0
2016-07-25,Akdeniz Bölgesi,140262.0
2016-08-01,Akdeniz Bölgesi,140619.0
2016-08-08,Akdeniz Bölgesi,140619.0
2016-08-15,Akdeniz Bölgesi,140619.0
2016-08-22,Akdeniz Bölgesi,140619.0
2016-08-29,Akdeniz Bölgesi,133940.0
2016-09-05,Akdeniz Bölgesi,133940.0
2016-09-12,Akdeniz Bölgesi,133940.0
2016-09-19,Akdeniz Bölgesi,133940.0
2016-09-26,Akdeniz Bölgesi,133940.0
2016-10-03,Akdeniz Bölgesi,131896.0
2016-10-10,Akdeniz Bölgesi,131896.0
2016-10-17,Akdeniz Bölgesi,131896.0
2016-10-24,Akdeniz Bölgesi,131896.0
2016-10-31,Akdeniz Bölgesi,131336.0
2016-11-07,Akdeniz Bölgesi,131336.0
2016-11-14,Akdeniz Bölgesi,131336.0
2016-11-21,Akdeniz Bölgesi,131336.0
2016-11-28,Akdeniz Bölgesi,131735.0
2016-12-05,Akdeniz Bölgesi,131735.0
2016-12-12,Akdeniz Bölgesi,131735.0
2016-12-19,Akdeniz Bölgesi,131735.0
2016-12-26,Akdeniz Bölgesi,131735.0
2017-01-02,Akdeniz Bölgesi,134703.0
2017-01-09,Akdeniz Bölgesi,134703.0
2017-01-16,Akdeniz Bölgesi,134703.0
2017-01-23,Akdeniz Bölgesi,134703.0
2017-01-30,Akdeniz Bölgesi,132212.0
2017-02-06,Akdeniz Bölgesi,132212.0
2017-02-13,Akdeniz Bölgesi,132212.0
2017-02-20,Akdeniz Bölgesi,132212.0
2017-02-27,Akdeniz Bölgesi,132212.0
2017-03-06,Akdeniz Bölgesi,133216.0
2017-03-13,Akdeniz Bölgesi,133216.0
2017-03-20,Akdeniz Bölgesi,133216.0
2017-03-27,Akdeniz Bölgesi,133216.0
2017-04-03,Akdeniz Bölgesi,132595.0
2017-04-10,Akdeniz Bölgesi,132595.0
2017-04-17,Akdeniz Bölgesi,132595.0
2017-04-24,Akdeniz Bölgesi,132595.0
2017-05-01,Akdeniz Bölgesi,132243.0
2017-05-08,Akdeniz Bölgesi,132243.0
2017-05-15,Akdeniz Bölgesi,132243.0
2017-05-22,Akdeniz Bölgesi,132243.0
2017-05-29,Akdeniz Bölgesi,132292.0
2017-06-05,Akdeniz Bölgesi,132292.0
2017-06-12,Akdeniz Bölgesi,132292.0
2017-06-19,Akdeniz Bölgesi,132292.0
2017-06-26,Akdeniz Bölgesi,132292.0
2017-07-03,Akdeniz Bölgesi,132866.0
2017-07-10,Akdeniz Bölgesi,132866.0
2017-07-17,Akdeniz Bölgesi,132866.0
2017-07-24,Akdeniz Bölgesi,132866.0
2017-07-31,Akdeniz Bölgesi,131973.0
2017-08-07,Akdeniz Bölgesi,131973.0
2017-08-14,Akdeniz Bölgesi,131973.0
2017-08-21,Akdeniz Bölgesi,131973.0
2017-08-28,Akdeniz Bölgesi,136045.0
2017-09-04,Akdeniz Bölgesi,136045.0
2017-09-11,Akdeniz Bölgesi,136045.0
2017-09-18,Akdeniz Bölgesi,136045.0
2017-09-25,Akdeniz Bölgesi,136045.0
2017-10-02,Akdeniz Bölgesi,137002.0
2017-10-09,Akdeniz Bölgesi,137002.0
2017-10-16,Akdeniz Bölgesi,137002.0
2017-10-23,Akdeniz Bölgesi,137002.0
2017-10-30,Akdeniz Bölgesi,138149.0
2017-11-06,Akdeniz Bölgesi,138149.0
2017-11-13,Akdeniz Bölgesi,138149.0
2017-11-20,Akdeniz Bölgesi,138149.0
2017-11-27,Akdeniz Bölgesi,138149.0
2017-12-04,Akdeniz Bölgesi,139257.0
2017-12-11,Akdeniz Bölgesi,139257.0
2017-12-18,Akdeniz Bölgesi,139257.0
2017-12-25,Akdeniz Bölgesi,139257.0
2018-01-01,Akdeniz Bölgesi,136507.0
2018-01-08,Akdeniz Bölgesi,136507.0
2018-01-15,Akdeniz Bölgesi,136507.0
2018-01-22,Akdeniz Bölgesi,136507.0
2018-01-29,Akdeniz Bölgesi,135438.0
2018-02-05,Akdeniz Bölgesi,135438.0
2018-02-12,Akdeniz Bölgesi,135438.0
2018-02-19,Akdeniz Bölgesi,135438.0
2018-02-26,Akdeniz Bölgesi,135438.0
2018-03-05,Akdeniz Bölgesi,133021.0
2018-03-12,Akdeniz Bölgesi,133021.0
2018-03-19,Akdeniz Bölgesi,133021.0
2018-03-26,Akdeniz Bölgesi,133021.0
2018-04-02,Akdeniz Bölgesi,132508.0
2018-04-09,Akdeniz Bölgesi,132508.0
2018-04-16,Akdeniz Bölgesi,132508.0
2018-04-23,Akdeniz Bölgesi,132508.0
2018-04-30,Akdeniz Bölgesi,131809.0
2018-05-07,Akdeniz Bölgesi,131809.0
2018-05-14,Akdeniz Bölgesi,131809.0
2018-05-21,Akdeniz Bölgesi,131809.0
2018-05-28,Akdeniz Bölgesi,131809.0
2018-06-04,Akdeniz Bölgesi,131558.0
2018-06-11,Akdeniz Bölgesi,131558.0
2018-06-18,Akdeniz Bölgesi,131558.0
2018-06-25,Akdeniz Bölgesi,131558.0
2018-07-02,Akdeniz Bölgesi,130912.0
2018-07-09,Akdeniz Bölgesi,130912.0
2018-07-16,Akdeniz Bölgesi,130912.0
2018-07-23,Akdeniz Bölgesi,130912.0
2018-07-30,Akdeniz Bölgesi,128371.0
2018-08-06,Akdeniz Bölgesi,128371.0
2018-08-13,Akdeniz Bölgesi,128371.0
2018-08-20,Akdeniz Bölgesi,128371.0
2018-08-27,Akdeniz Bölgesi,128371.0
2018-09-03,Akdeniz Bölgesi,125796.0
2018-09-10,Akdeniz Bölgesi,125796.0
2018-09-17,Akdeniz Bölgesi,125796.0
2018-09-24,Akdeniz Bölgesi,125796.0
2018-10-01,Akdeniz Bölgesi,121134.0
2018-10-08,Akdeniz Bölgesi,121134.0
2018-10-15,Akdeniz Bölgesi,121134.0
2018-10-22,Akdeniz Bölgesi,121134.0
2018-10-29,Akdeniz Bölgesi,116458.0
2018-11-05,Akdeniz Bölgesi,116458.0
2018-11-12,Akdeniz Bölgesi,116458.0
2018-11-19,Akdeniz Bölgesi,116458.0
2018-11-26,Akdeniz Bölgesi,116458.0
2018-12-03,Akdeniz Bölgesi,109618.0
2018-12-10,Akdeniz Bölgesi,109618.0
2018-12-17,Akdeniz Bölgesi,109618.0
2018-12-24,Akdeniz Bölgesi,109618.0
2018-12-31,Akdeniz Bölgesi,105809.0
2019-01-07,Akdeniz Bölgesi,105809.0
2019-01-14,Akdeniz Bölgesi,105809.0
2019-01-21,Akdeniz Bölgesi,105809.0
2019-01-28,Akdeniz Bölgesi,101414.0
2019-02-04,Akdeniz Bölgesi,101414.0
2019-02-11,Akdeniz Bölgesi,101414.0
2019-02-18,Akdeniz Bölgesi,101414.0
2019-02-25,Akdeniz Bölgesi,101414.0
2019-03-04,Akdeniz Bölgesi,96539.0
2019-03-11,Akdeniz Bölgesi,96539.0
2019-03-18,Akdeniz Bölgesi,96539.0
2019-03-25,Akdeniz Bölgesi,96539.0
2019-04-01,Akdeniz Bölgesi,94474.0
2019-04-08,Akdeniz Bölgesi,94474.0
2019-04-15,Akdeniz Bölgesi,94474.0
2019-04-22,Akdeniz Bölgesi,94474.0
2019-04-29,Akdeniz Bölgesi,91977.0
2019-05-06,Akdeniz Bölgesi,91977.0
2019-05-13,Akdeniz Bölgesi,91977.0
2019-05-20,Akdeniz Bölgesi,91977.0
2019-05-27,Akdeniz Bölgesi,91977.0
2019-06-03,Akdeniz Bölgesi,89003.0
2019-06-10,Akdeniz Bölgesi,89003.0
2019-06-17,Akdeniz Bölgesi,89003.0
2019-06-24,Akdeniz Bölgesi,89003.0
2019-07-01,Akdeniz Bölgesi,85914.0
2019-07-08,Akdeniz Bölgesi,85914.0
2019-07-15,Akdeniz Bölgesi,85914.0
2019-07-22,Akdeniz Bölgesi,85914.0
2019-07-29,Akdeniz Bölgesi,83855.0
2019-08-05,Akdeniz Bölgesi,83855.0
2019-08-12,Akdeniz Bölgesi,83855.0
2019-08-19,Akdeniz Bölgesi,83855.0
2019-08-26,Akdeniz Bölgesi,83855.0
2019-09-02,Akdeniz Bölgesi,80346.0
2019-09-09,Akdeniz Bölgesi,80346.0
2019-09-16,Akdeniz Bölgesi,80346.0
2019-09-23,Akdeniz Bölgesi,80346.0
2019-09-30,Akdeniz Bölgesi,78363.0
2019-10-07,Akdeniz Bölgesi,78363.0
2019-10-14,Akdeniz Bölgesi,78363.0
2019-10-21,Akdeniz Bölgesi,78363.0
2019-10-28,Akdeniz Bölgesi,78363.0
2019-11-04,Akdeniz Bölgesi,79497.0
2019-11-11,Akdeniz Bölgesi,79497.0
2019-11-18,Akdeniz Bölgesi,79497.0
2019-11-25,Akdeniz Bölgesi,79497.0
2019-12-02,Akdeniz Bölgesi,82908.0
2019-12-09,Akdeniz Bölgesi,82908.0
2019-12-16,Akdeniz Bölgesi,82908.0
2019-12-23,Akdeniz Bölgesi,82908.0
2019-12-30,Akdeniz Bölgesi,83025.0
2014-01-06,Doğu Anadolu Bölgesi,
2014-01-13,Doğu Anadolu Bölgesi,
2014-01-20,Doğu Anadolu Bölgesi,
2014-01-27,Doğu Anadolu Bölgesi,
2014-02-03,Doğu Anadolu Bölgesi,
2014-02-10,Doğu Anadolu Bölgesi,
2014-02-17,Doğu Anadolu Bölgesi,
2014-02-24,Doğu Anadolu Bölgesi,
2014-03-03,Doğu Anadolu Bölgesi,
2014-03-10,Doğu Anadolu Bölgesi,
2014-03-17,Doğu Anadolu Bölgesi,
2014-03-24,Doğu Anadolu Bölgesi,
2014-03-31,Doğu Anadolu Bölgesi,
2014-04-07,Doğu Anadolu Bölgesi,
2014-04-14,Doğu Anadolu Bölgesi,
2014-04-21,Doğu Anadolu Bölgesi,
2014-04-28,Doğu Anadolu Bölgesi,
2014-05-05,Doğu Anadolu Bölgesi,
2014-05-12,Doğu Anadolu Bölgesi,
2014-05-19,Doğu Anadolu Bölgesi,
2014-05-26,Doğu Anadolu Bölgesi,
2014-06-02,Doğu Anadolu Bölgesi,
2014-06-09,Doğu Anadolu Bölgesi,
2014-06-16,Doğu Anadolu Bölgesi,
2014-06-23,Doğu Anadolu Bölgesi,
2014-06-30,Doğu Anadolu Bölgesi,
2014-07-07,Doğu Anadolu Bölgesi,
2014-07-14,Doğu Anadolu Bölgesi,
2014-07-21,Doğu Anadolu Bölgesi,
2014-07-28,Doğu Anadolu Bölgesi,
2014-08-04,Doğu Anadolu Bölgesi,
2014-08-11,Doğu Anadolu Bölgesi,
2014-08-18,Doğu Anadolu Bölgesi,
2014-08-25,Doğu Anadolu Bölgesi,
2014-09-01,Doğu Anadolu Bölgesi,
2014-09-08,Doğu Anadolu Bölgesi,
2014-09-15,Doğu Anadolu Bölgesi,
2014-09-22,Doğu Anadolu Bölgesi,
2014-09-29,Doğu Anadolu Bölgesi,
2014-10-06,Doğu Anadolu Bölgesi,
2014-10-13,Doğu Anadolu Bölgesi,
2014-10-20,Doğu Anadolu Bölgesi,
2014-10-27,Doğu Anadolu Bölgesi,
2014-11-03,Doğu Anadolu Bölgesi,
2014-11-10,Doğu Anadolu Bölgesi,
2014-11-17,Doğu Anadolu Bölgesi,
2014-11-24,Doğu Anadolu Bölgesi,
2014-12-01,Doğu Anadolu Bölgesi,34040.0
2014-12-08,Doğu Anadolu Bölgesi,34040.0
2014-12-15,Doğu Anadolu Bölgesi,34040.0
2014-12-22,Doğu Anadolu Bölgesi,34040.0
2014-12-29,Doğu Anadolu Bölgesi,34218.0
2015-01-05,Doğu Anadolu Bölgesi,34218.0
2015-01-12,Doğu Anadolu Bölgesi,34218.0
2015-01-19,Doğu Anadolu Bölgesi,34218.0
2015-01-26,Doğu Anadolu Bölgesi,34218.0
2015-02-02,Doğu Anadolu Bölgesi,35067.0
2015-02-09,Doğu Anadolu Bölgesi,35067.0
2015-02-16,Doğu Anadolu Bölgesi,35067.0
2015-02-23,Doğu Anadolu Bölgesi,35067.0
2015-03-02,Doğu Anadolu Bölgesi,35769.0
2015-03-09,Doğu Anadolu Bölgesi,35769.0
2015-03-16,Doğu Anadolu Bölgesi,35769.0
2015-03-23,Doğu Anadolu Bölgesi,35769.0
2015-03-30,Doğu Anadolu Bölgesi,35769.0
2015-04-06,Doğu Anadolu Bölgesi,36492.0
2015-04-13,Doğu Anadolu Bölgesi,36492.0
2015-04-20,Doğu Anadolu Bölgesi,36492.0
2015-04-27,Doğu Anadolu Bölgesi,36492.0
2015-05-04,Doğu Anadolu Bölgesi,37913.0
2015-05-11,Doğu Anadolu Bölgesi,37913.0
2015-05-18,Doğu Anadolu Bölgesi,37913.0
2015-05-25,Doğu Anadolu Bölgesi,37913.0
2015-06-01,Doğu Anadolu Bölgesi,39619.0
2015-06-08,Doğu Anadolu Bölgesi,39619.0
2015-06-15,Doğu Anadolu Bölgesi,39619.0
2015-06-22,Doğu Anadolu Bölgesi,39619.0
2015-06-29,Doğu Anadolu Bölgesi,40528.0
2015-07-06,Doğu Anadolu Bölgesi,40528.0
2015-07-13,Doğu Anadolu Bölgesi,40528.0
2015-07-20,Doğu Anadolu Bölgesi,40528.0
2015-07-27,Doğu Anadolu Bölgesi,40528.0
2015-08-03,Doğu Anadolu Bölgesi,41113.0
2015-08-10,Doğu Anadolu Bölgesi,41113.0
2015-08-17,Doğu Anadolu Bölgesi,41113.0
2015-08-24,Doğu Anadolu Bölgesi,41113.0
2015-08-31,Doğu Anadolu Bölgesi,42103.0
2015-09-07,Doğu Anadolu Bölgesi,42103.0
2015-09-14,Doğu Anadolu Bölgesi,42103.0
2015-09-21,Doğu Anadolu Bölgesi,42103.0
2015-09-28,Doğu Anadolu Bölgesi,42561.0
2015-10-05,Doğu Anadolu Bölgesi,42561.0
2015-10-12,Doğu Anadolu Bölgesi,42561.0
2015-10-19,Doğu Anadolu Bölgesi,42561.0
2015-10-26,Doğu Anadolu Bölgesi,42561.0
2015-11-02,Doğu Anadolu Bölgesi,42395.0
2015-11-09,Doğu Anadolu Bölgesi,42395.0
2015-11-16,Doğu Anadolu Bölgesi,42395.0
2015-11-23,Doğu Anadolu Bölgesi,42395.0
2015-11-30,Doğu Anadolu Bölgesi,42777.0
2015-12-07,Doğu Anadolu Bölgesi,42777.0
2015-12-14,Doğu Anadolu Bölgesi,42777.0
2015-12-21,Doğu Anadolu Bölgesi,42777.0
2015-12-28,Doğu Anadolu Bölgesi,42777.0
2016-01-04,Doğu Anadolu Bölgesi,42773.0
2016-01-11,Doğu Anadolu Bölgesi,42773.0
2016-01-18,Doğu Anadolu Bölgesi,42773.0
2016-01-25,Doğu Anadolu Bölgesi,42773.0
2016-02-01,Doğu Anadolu Bölgesi,43746.0
2016-02-08,Doğu Anadolu Bölgesi,43746.0
2016-02-15,Doğu Anadolu Bölgesi,43746.0
2016-02-22,Doğu Anadolu Bölgesi,43746.0
2016-02-29,Doğu Anadolu Bölgesi,42651.0
2016-03-07,Doğu Anadolu Bölgesi,42651.0
2016-03-14,Doğu Anadolu Bölgesi,42651.0
2016-03-21,Doğu Anadolu Bölgesi,42651.0
2016-03-28,Doğu Anadolu Bölgesi,42651.0
2016-04-04,Doğu Anadolu Bölgesi,42510.0
2016-04-11,Doğu Anadolu Bölgesi,42510.0
2016-04-18,Doğu Anadolu Bölgesi,42510.0
2016-04-25,Doğu Anadolu Bölgesi,42510.0
2016-05-02,Doğu Anadolu Bölgesi,42547.0
2016-05-09,Doğu Anadolu Bölgesi,42547.0
2016-05-16,Doğu Anadolu Bölgesi,42547.0
2016-05-23,Doğu Anadolu Bölgesi,42547.0
2016-05-30,Doğu Anadolu Bölgesi,41920.0
2016-06-06,Doğu Anadolu Bölgesi,41920.0
2016-06-13,Doğu Anadolu Bölgesi,41920.0
2016-06-20,Doğu Anadolu Bölgesi,41920.0
2016-06-27,Doğu Anadolu Bölgesi,41920.0
2016-07-04,Doğu Anadolu Bölgesi,42228.0
2016-07-11,Doğu Anadolu Bölgesi,42228.0
2016-07-18,Doğu Anadolu Bölgesi,42228.0
2016-07-25,Doğu Anadolu Bölgesi,42228.0
2016-08-01,Doğu Anadolu Bölgesi,42614.0
2016-08-08,Doğu Anadolu Bölgesi,42614.0
2016-08-15,Doğu Anadolu Bölgesi,42614.0
2016-08-22,Doğu Anadolu Bölgesi,42614.0
2016-08-29,Doğu Anadolu Bölgesi,41688.0
2016-09-05,Doğu Anadolu Bölgesi,41688.0
2016-09-12,Doğu Anadolu Bölgesi,41688.0
2016-09-19,Doğu Anadolu Bölgesi,41688.0
2016-09-26,Doğu Anadolu Bölgesi,41688.0
2016-10-03,Doğu Anadolu Bölgesi,41807.0
2016-10-10,Doğu Anadolu Bölgesi,41807.0
2016-10-17,Doğu Anadolu Bölgesi,41807.0
2016-10-24,Doğu Anadolu Bölgesi,41807.0
2016-10-31,Doğu Anadolu Bölgesi,42026.0
2016-11-07,Doğu Anadolu Bölgesi,42026.0
2016-11-14,Doğu Anadolu Bölgesi,42026.0
2016-11-21,Doğu Anadolu Bölgesi,42026.0
2016-11-28,Doğu Anadolu Bölgesi,42682.0
2016-12-05,Doğu Anadolu Bölgesi,42682.0
2016-12-12,Doğu Anadolu Bölgesi,42682.0
2016-12-19,Doğu Anadolu Bölgesi,42682.0
2016-12-26,Doğu Anadolu Bölgesi,42682.0
2017-01-02,Doğu Anadolu Bölgesi,43922.0
2017-01-09,Doğu Anadolu Bölgesi,43922.0
2017-01-16,Doğu Anadolu Bölgesi,43922.0
2017-01-23,Doğu Anadolu Bölgesi,43922.0
2017-01-30,Doğu Anadolu Bölgesi,43002.0
2017-02-06,Doğu Anadolu Bölgesi,43002.0
2017-02-13,Doğu Anadolu Bölgesi,43002.0
2017-02-20,Doğu Anadolu Bölgesi,43002.0
2017-02-27,Doğu Anadolu Bölgesi,43002.0
2017-03-06,Doğu Anadolu Bölgesi,44153.0
2017-03-13,Doğu Anadolu Bölgesi,44153.0
2017-03-20,Doğu Anadolu Bölgesi,44153.0
2017-03-27,Doğu Anadolu Bölgesi,44153.0
2017-04-03,Doğu Anadolu Bölgesi,43983.0
2017-04-10,Doğu Anadolu Bölgesi,43983.0
2017-04-17,Doğu Anadolu Bölgesi,43983.0
2017-04-24,Doğu Anadolu Bölgesi,43983.0
2017-05-01,Doğu Anadolu Bölgesi,45050.0
2017-05-08,Doğu Anadolu Bölgesi,45050.0
2017-05-15,Doğu Anadolu Bölgesi,45050.0
2017-05-22,Doğu Anadolu Bölgesi,45050.0
2017-05-29,Doğu Anadolu Bölgesi,46674.0
2017-06-05,Doğu Anadolu Bölgesi,46674.0
2017-06-12,Doğu Anadolu Bölgesi,46674.0
2017-06-19,Doğu Anadolu Bölgesi,46674.0
2017-06-26,Doğu Anadolu Bölgesi,46674.0
2017-07-03,Doğu Anadolu Bölgesi,46409.0
2017-07-10,Doğu Anadolu Bölgesi,46409.0
2017-07-17,Doğu Anadolu Bölgesi,46409.0
2017-07-24,Doğu Anadolu Bölgesi,46409.0
2017-07-31,Doğu Anadolu Bölgesi,45755.0
2017-08-07,Doğu Anadolu Bölgesi,45755.0
2017-08-14,Doğu Anadolu Bölgesi,45755.0
2017-08-21,Doğu Anadolu Bölgesi,45755.0
2017-08-28,Doğu Anadolu Bölgesi,46770.0
2017-09-04,Doğu Anadolu Bölgesi,46770.0
2017-09-11,Doğu Anadolu Bölgesi,46770.0
2017-09-18,Doğu Anadolu Bölgesi,46770.0
2017-09-25,Doğu Anadolu Bölgesi,46770.0
2017-10-02,Doğu Anadolu Bölgesi,47169.0
2017-10-09,Doğu Anadolu Bölgesi,47169.0
2017-10-16,Doğu Anadolu Bölgesi,47169.0
2017-10-23,Doğu Anadolu Bölgesi,47169.0
2017-10-30,Doğu Anadolu Bölgesi,47216.0
2017-11-06,Doğu Anadolu Bölgesi,47216.0
2017-11-13,Doğu Anadolu Bölgesi,47216.0
2017-11-20,Doğu Anadolu Bölgesi,47216.0
2017-11-27,Doğu Anadolu Bölgesi,47216.0
2017-12-04,Doğu Anadolu Bölgesi,47440.0
2017-12-11,Doğu Anadolu Bölgesi,47440.0
2017-12-18,Doğu Anadolu Bölgesi,47440.0
2017-12-25,Doğu Anadolu Bölgesi,47440.0
2018-01-01,Doğu Anadolu Bölgesi,46525.0
2018-01-08,Doğu Anadolu Bölgesi,46525.0
2018-01-15,Doğu Anadolu Bölgesi,46525.0
2018-01-22,Doğu Anadolu Bölgesi,46525.0
2018-01-29,Doğu Anadolu Bölgesi,46225.0
2018-02-05,Doğu Anadolu Bölgesi,46225.0
2018-02-12,Doğu Anadolu Bölgesi,46225.0
2018-02-19,Doğu Anadolu Bölgesi,46225.0
2018-02-26,Doğu Anadolu Bölgesi,46225.0
2018-03-05,Doğu Anadolu Bölgesi,45381.0
2018-03-12,Doğu Anadolu Bölgesi,45381.0
2018-03-19,Doğu Anadolu Bölgesi,45381.0
2018-03-26,Doğu Anadolu Bölgesi,45381.0
2018-04-02,Doğu Anadolu Bölgesi,45173.0
2018-04-09,Doğu Anadolu Bölgesi,45173.0
2018-04-16,Doğu Anadolu Bölgesi,45173.0
2018-04-23,Doğu Anadolu Bölgesi,45173.0
2018-04-30,Doğu Anadolu Bölgesi,43386.0
2018-05-07,Doğu Anadolu Bölgesi,43386.0
2018-05-14,Doğu Anadolu Bölgesi,43386.0
2018-05-21,Doğu Anadolu Bölgesi,43386.0
2018-05-28,Doğu Anadolu Bölgesi,43386.0
2018-06-04,Doğu Anadolu Bölgesi,40891.0
2018-06-11,Doğu Anadolu Bölgesi,40891.0
2018-06-18,Doğu Anadolu Bölgesi,40891.0
2018-06-25,Doğu Anadolu Bölgesi,40891.0
2018-07-02,Doğu Anadolu Bölgesi,39943.0
2018-07-09,Doğu Anadolu Bölgesi,39943.0
2018-07-16,Doğu Anadolu Bölgesi,39943.0
2018-07-23,Doğu Anadolu Bölgesi,39943.0
2018-07-30,Doğu Anadolu Bölgesi,39047.0
2018-08-06,Doğu Anadolu Bölgesi,39047.0
2018-08-13,Doğu Anadolu Bölgesi,39047.0
2018-08-20,Doğu Anadolu Bölgesi,39047.0
2018-08-27,Doğu Anadolu Bölgesi,39047.0
2018-09-03,Doğu Anadolu Bölgesi,37678.0
2018-09-10,Doğu Anadolu Bölgesi,37678.0
2018-09-17,Doğu Anadolu Bölgesi,37678.0
2018-09-24,Doğu Anadolu Bölgesi,37678.0
2018-10-01,Doğu Anadolu Bölgesi,35780.0
2018-10-08,Doğu Anadolu Bölgesi,35780.0
2018-10-15,Doğu Anadolu Bölgesi,35780.0
2018-10-22,Doğu Anadolu Bölgesi,35780.0
2018-10-29,Doğu Anadolu Bölgesi,34267.0
2018-11-05,Doğu Anadolu Bölgesi,34267.0
2018-11-12,Doğu Anadolu Bölgesi,34267.0
2018-11-19,Doğu Anadolu Bölgesi,34267.0
2018-11-26,Doğu Anadolu Bölgesi,34267.0
2018-12-03,Doğu Anadolu Bölgesi,31690.0
2018-12-10,Doğu Anadolu Bölgesi,31690.0
2018-12-17,Doğu Anadolu Bölgesi,31690.0
2018-12-24,Doğu Anadolu Bölgesi,31690.0
2018-12-31,Doğu Anadolu Bölgesi,30634.0
2019-01-07,Doğu Anadolu Bölgesi,30634.0
2019-01-14,Doğu Anadolu Bölgesi,30634.0
2019-01-21,Doğu Anadolu Bölgesi,30634.0
2019-01-28,Doğu Anadolu Bölgesi,29617.0
2019-02-04,Doğu Anadolu Bölgesi,29617.0
2019-02-11,Doğu Anadolu Bölgesi,29617.0
2019-02-18,Doğu Anadolu Bölgesi,29617.0
2019-02-25,Doğu Anadolu Bölgesi,29617.0
2019-03-04,Doğu Anadolu Bölgesi,27729.0
2019-03-11,Doğu Anadolu Bölgesi,27729.0
2019-03-18,Doğu Anadolu Bölgesi,27729.0
2019-03-25,Doğu Anadolu Bölgesi,27729.0
2019-04-01,Doğu Anadolu Bölgesi,26823.0
2019-04-08,Doğu Anadolu Bölgesi,26823.0
2019-04-15,Doğu Anadolu Bölgesi,26823.0
2019-04-22,Doğu Anadolu Bölgesi,26823.0
2019-04-29,Doğu Anadolu Bölgesi,25408.0
2019-05-06,Doğu Anadolu Bölgesi,25408.0
2019-05-13,Doğu Anadolu Bölgesi,25408.0
2019-05-20,Doğu Anadolu Bölgesi,25408.0
2019-05-27,Doğu Anadolu Bölgesi,25408.0
2019-06-03,Doğu Anadolu Bölgesi,24009.0
2019-06-10,Doğu Anadolu Bölgesi,24009.0
2019-06-17,Doğu Anadolu Bölgesi,24009.0
2019-06-24,Doğu Anadolu Bölgesi,24009.0
2019-07-01,Doğu Anadolu Bölgesi,22726.0
2019-07-08,Doğu Anadolu Bölgesi,22726.0
2019-07-15,Doğu Anadolu Bölgesi,22726.0
2019-07-22,Doğu Anadolu Bölgesi,22726.0
2019-07-29,Doğu Anadolu Bölgesi,21990.0
2019-08-05,Doğu Anadolu Bölgesi,21990.0
2019-08-12,Doğu Anadolu Bölgesi,21990.0
2019-08-19,Doğu Anadolu Bölgesi,21990.0
2019-08-26,Doğu Anadolu Bölgesi,21990.0
2019-09-02,Doğu Anadolu Bölgesi,20867.0
2019-09-09,Doğu Anadolu Bölgesi,20867.0
2019-09-16,Doğu Anadolu Bölgesi,20867.0
2019-09-23,Doğu Anadolu Bölgesi,20867.0
2019-09-30,Doğu Anadolu Bölgesi,20135.0
2019-10-07,Doğu Anadolu Bölgesi,20135.0
2019-10-14,Doğu Anadolu Bölgesi,20135.0
2019-10-21,Doğu Anadolu Bölgesi,20135.0
2019-10-28,Doğu Anadolu Bölgesi,20135.0
2019-11-04,Doğu Anadolu Bölgesi,20064.0
2019-11-11,Doğu Anadolu Bölgesi,20064.0
2019-11-18,Doğu Anadolu Bölgesi,20064.0
2019-11-25,Doğu Anadolu Bölgesi,20064.0
2019-12-02,Doğu Anadolu Bölgesi,20547.0
2019-12-09,Doğu Anadolu Bölgesi,20547.0
2019-12-16,Doğu Anadolu Bölgesi,20547.0
2019-12-23,Doğu Anadolu Bölgesi,20547.0
2019-12-30,Doğu Anadolu Bölgesi,19922.0
2014-01-06,Ege Bölgesi,
2014-01-13,Ege Bölgesi,
2014-01-20,Ege Bölgesi,
2014-01-27,Ege Bölgesi,
2014-02-03,Ege Bölgesi,
2014-02-10,Ege Bölgesi,
2014-02-17,Ege Bölgesi,
2014-02-24,Ege Bölgesi,
2014-03-03,Ege Bölgesi,
2014-03-10,Ege Bölgesi,
2014-03-17,Ege Bölgesi,
2014-03-24,Ege Bölgesi,
2014-03-31,Ege Bölgesi,
2014-04-07,Ege Bölgesi,
2014-04-14,Ege Bölgesi,
2014-04-21,Ege Bölgesi,
2014-04-28,Ege Bölgesi,
2014-05-05,Ege Bölgesi,
2014-05-12,Ege Bölgesi,
2014-05-19,Ege Bölgesi,
2014-05-26,Ege Bölgesi,
2014-06-02,Ege Bölgesi,
2014-06-09,Ege Bölgesi,
2014-06-16,Ege Bölgesi,
2014-06-23,Ege Bölgesi,
2014-06-30,Ege Bölgesi,
2014-07-07,Ege Bölgesi,
2014-07-14,Ege Bölgesi,
2014-07-21,Ege Bölgesi,
2014-07-28,Ege Bölgesi,
2014-08-04,Ege Bölgesi,
2014-08-11,Ege Bölgesi,
2014-08-18,Ege Bölgesi,
2014-08-25,Ege Bölgesi,
2014-09-01,Ege Bölgesi,
2014-09-08,Ege Bölgesi,
2014-09-15,Ege Bölgesi,
2014-09-22,Ege Bölgesi,
2014-09-29,Ege Bölgesi,
2014-10-06,Ege Bölgesi,
2014-10-13,Ege Bölgesi,
2014-10-20,Ege Bölgesi,
2014-10-27,Ege Bölgesi,
2014-11-03,Ege Bölgesi,
2014-11-10,Ege Bölgesi,
2014-11-17,Ege Bölgesi,
2014-11-24,Ege Bölgesi,
2014-12-01,Ege Bölgesi,141573.0
2014-12-08,Ege Bölgesi,141573.0
2014-12-15,Ege Bölgesi,141573.0
2014-12-22,Ege Bölgesi,141573.0
2014-12-29,Ege Bölgesi,141494.0
2015-01-05,Ege Bölgesi,141494.0
2015-01-12,Ege Bölgesi,141494.0
2015-01-19,Ege Bölgesi,141494.0
2015-01-26,Ege Bölgesi,141494.0
2015-02-02,Ege Bölgesi,143064.0
2015-02-09,Ege Bölgesi,143064.0
2015-02-16,Ege Bölgesi,143064.0
2015-02-23,Ege Bölgesi,143064.0
2015-03-02,Ege Bölgesi,144141.0
2015-03-09,Ege Bölgesi,144141.0
2015-03-16,Ege Bölgesi,144141.0
2015-03-23,Ege Bölgesi,144141.0
2015-03-30,Ege Bölgesi,144141.0
2015-04-06,Ege Bölgesi,146162.0
2015-04-13,Ege Bölgesi,146162.0
2015-04-20,Ege Bölgesi,146162.0
2015-04-27,Ege Bölgesi,146162.0
2015-05-04,Ege Bölgesi,150791.0
2015-05-11,Ege Bölgesi,150791.0
2015-05-18,Ege Bölgesi,150791.0
2015-05-25,Ege Bölgesi,150791.0
2015-06-01,Ege Bölgesi,155744.0
2015-06-08,Ege Bölgesi,155744.0
2015-06-15,Ege Bölgesi,155744.0
2015-06-22,Ege Bölgesi,155744.0
2015-06-29,Ege Bölgesi,159066.0
2015-07-06,Ege Bölgesi,159066.0
2015-07-13,Ege Bölgesi,159066.0
2015-07-20,Ege Bölgesi,159066.0
2015-07-27,Ege Bölgesi,159066.0
2015-08-03,Ege Bölgesi,160464.0
2015-08-10,Ege Bölgesi,160464.0
2015-08-17,Ege Bölgesi,160464.0
2015-08-24,Ege Bölgesi,160464.0
2015-08-31,Ege Bölgesi,163651.0
2015-09-07,Ege Bölgesi,163651.0
2015-09-14,Ege Bölgesi,163651.0
2015-09-21,Ege Bölgesi,163651.0
2015-09-28,Ege Bölgesi,165795.0
2015-10-05,Ege Bölgesi,165795.0
2015-10-12,Ege Bölgesi,165795.0
2015-10-19,Ege Bölgesi,165795.0
2015-10-26,Ege Bölgesi,165795.0
2015-11-02,Ege Bölgesi,163873.0
2015-11-09,Ege Bölgesi,163873.0
2015-11-16,Ege Bölgesi,163873.0
2015-11-23,Ege Bölgesi,163873.0
2015-11-30,Ege Bölgesi,163076.0
2015-12-07,Ege Bölgesi,163076.0
2015-12-14,Ege Bölgesi,163076.0
2015-12-21,Ege Bölgesi,163076.0
2015-12-28,Ege Bölgesi,163076.0
2016-01-04,Ege Bölgesi,163256.0
2016-01-11,Ege Bölgesi,163256.0
2016-01-18,Ege Bölgesi,163256.0
2016-01-25,Ege Bölgesi,163256.0
2016-02-01,Ege Bölgesi,166757.0
2016-02-08,Ege Bölgesi,166757.0
2016-02-15,Ege Bölgesi,166757.0
2016-02-22,Ege Bölgesi,166757.0
2016-02-29,Ege Bölgesi,164448.0
2016-03-07,Ege Bölgesi,164448.0
2016-03-14,Ege Bölgesi,164448.0
2016-03-21,Ege Bölgesi,164448.0
2016-03-28,Ege Bölgesi,164448.0
2016-04-04,Ege Bölgesi,164486.0
2016-04-11,Ege Bölgesi,164486.0
2016-04-18,Ege Bölgesi,164486.0
2016-04-25,Ege Bölgesi,164486.0
2016-05-02,Ege Bölgesi,163922.0
2016-05-09,Ege Bölgesi,163922.0
2016-05-16,Ege Bölgesi,163922.0
2016-05-23,Ege Bölgesi,163922.0
2016-05-30,Ege Bölgesi,162171.0
2016-06-06,Ege Bölgesi,162171.0
2016-06-13,Ege Bölgesi,162171.0
2016-06-20,Ege Bölgesi,162171.0
2016-06-27,Ege Bölgesi,162171.0
2016-07-04,Ege Bölgesi,162383.0
2016-07-11,Ege Bölgesi,162383.0
2016-07-18,Ege Bölgesi,162383.0
2016-07-25,Ege Bölgesi,162383.0
2016-08-01,Ege Bölgesi,164268.0
2016-08-08,Ege Bölgesi,164268.0
2016-08-15,Ege Bölgesi,164268.0
2016-08-22,Ege Bölgesi,164268.0
2016-08-29,Ege Bölgesi,158287.0
2016-09-05,Ege Bölgesi,158287.0
2016-09-12,Ege Bölgesi,158287.0
2016-09-19,Ege Bölgesi,158287.0
2016-09-26,Ege Bölgesi,158287.0
2016-10-03,Ege Bölgesi,157055.0
2016-10-10,Ege Bölgesi,157055.0
2016-10-17,Ege Bölgesi,157055.0
2016-10-24,Ege Bölgesi,157055.0
2016-10-31,Ege Bölgesi,156994.0
2016-11-07,Ege Bölgesi,156994.0
2016-11-14,Ege Bölgesi,156994.0
2016-11-21,Ege Bölgesi,156994.0
2016-11-28,Ege Bölgesi,158934.0
2016-12-05,Ege Bölgesi,158934.0
2016-12-12,Ege Bölgesi,158934.0
2016-12-19,Ege Bölgesi,158934.0
2016-12-26,Ege Bölgesi,158934.0
2017-01-02,Ege Bölgesi,162737.0
2017-01-09,Ege Bölgesi,162737.0
2017-01-16,Ege Bölgesi,162737.0
2017-01-23,Ege Bölgesi,162737.0
2017-01-30,Ege Bölgesi,159464.0
2017-02-06,Ege Bölgesi,159464.0
2017-02-13,Ege Bölgesi,159464.0
2017-02-20,Ege Bölgesi,159464.0
2017-02-27,Ege Bölgesi,159464.0
2017-03-06,Ege Bölgesi,161520.0
2017-03-13,Ege Bölgesi,161520.0
2017-03-20,Ege Bölgesi,161520.0
2017-03-27,Ege Bölgesi,161520.0
2017-04-03,Ege Bölgesi,160922.0
2017-04-10,Ege Bölgesi,160922.0
2017-04-17,Ege Bölgesi,160922.0
2017-04-24,Ege Bölgesi,160922.0
2017-05-01,Ege Bölgesi,161971.0
2017-05-08,Ege Bölgesi,161971.0
2017-05-15,Ege Bölgesi,161971.0
2017-05-22,Ege Bölgesi,161971.0
2017-05-29,Ege Bölgesi,160838.0
2017-06-05,Ege Bölgesi,160838.0
2017-06-12,Ege Bölgesi,160838.0
2017-06-19,Ege Bölgesi,160838.0
2017-06-26,Ege Bölgesi,160838.0
2017-07-03,Ege Bölgesi,159942.0
2017-07-10,Ege Bölgesi,159942.0
2017-07-17,Ege Bölgesi,159942.0
2017-07-24,Ege Bölgesi,159942.0
2017-07-31,Ege Bölgesi,157779.0
2017-08-07,Ege Bölgesi,157779.0
2017-08-14,Ege Bölgesi,157779.0
2017-08-21,Ege Bölgesi,157779.0
2017-08-28,Ege Bölgesi,162225.0
2017-09-04,Ege Bölgesi,162225.0
2017-09-11,Ege Bölgesi,162225.0
2017-09-18,Ege Bölgesi,162225.0
2017-09-25,Ege Bölgesi,162225.0
2017-10-02,Ege Bölgesi,162704.0
2017-10-09,Ege Bölgesi,162704.0
2017-10-16,Ege Bölgesi,162704.0
2017-10-23,Ege Bölgesi,162704.0
2017-10-30,Ege Bölgesi,163500.0
2017-11-06,Ege Bölgesi,163500.0
2017-11-13,Ege Bölgesi,163500.0
2017-11-20,Ege Bölgesi,163500.0
2017-11-27,Ege Bölgesi,163500.0
2017-12-04,Ege Bölgesi,164695.0
2017-12-11,Ege Bölgesi,164695.0
2017-12-18,Ege Bölgesi,164695.0
2017-12-25,Ege Bölgesi,164695.0
2018-01-01,Ege Bölgesi,162153.0
2018-01-08,Ege Bölgesi,162153.0
2018-01-15,Ege Bölgesi,162153.0
2018-01-22,Ege Bölgesi,162153.0
2018-01-29,Ege Bölgesi,162136.0
2018-02-05,Ege Bölgesi,162136.0
2018-02-12,Ege Bölgesi,162136.0
2018-02-19,Ege Bölgesi,162136.0
2018-02-26,Ege Bölgesi,162136.0
2018-03-05,Ege Bölgesi,159892.0
2018-03-12,Ege Bölgesi,159892.0
2018-03-19,Ege Bölgesi,159892.0
2018-03-26,Ege Bölgesi,159892.0
2018-04-02,Ege Bölgesi,159095.0
2018-04-09,Ege Bölgesi,159095.0
2018-04-16,Ege Bölgesi,159095.0
2018-04-23,Ege Bölgesi,159095.0
2018-04-30,Ege Bölgesi,156864.0
2018-05-07,Ege Bölgesi,156864.0
2018-05-14,Ege Bölgesi,156864.0
2018-05-21,Ege Bölgesi,156864.0
2018-05-28,Ege Bölgesi,156864.0
2018-06-04,Ege Bölgesi,156972.0
2018-06-11,Ege Bölgesi,156972.0
2018-06-18,Ege Bölgesi,156972.0
2018-06-25,Ege Bölgesi,156972.0
2018-07-02,Ege Bölgesi,156365.0
2018-07-09,Ege Bölgesi,156365.0
2018-07-16,Ege Bölgesi,156365.0
2018-07-23,Ege Bölgesi,156365.0
2018-07-30,Ege Bölgesi,153475.0
2018-08-06,Ege Bölgesi,153475.0
2018-08-13,Ege Bölgesi,153475.0
2018-08-20,Ege Bölgesi,153475.0
2018-08-27,Ege Bölgesi,153475.0
2018-09-03,Ege Bölgesi,149854.0
2018-09-10,Ege Bölgesi,149854.0
2018-09-17,Ege Bölgesi,149854.0
2018-09-24,Ege Bölgesi,149854.0
2018-10-01,Ege Bölgesi,144857.0
2018-10-08,Ege Bölgesi,144857.0
2018-10-15,Ege Bölgesi,144857.0
2018-10-22,Ege Bölgesi,144857.0
2018-10-29,Ege Bölgesi,140174.0
2018-11-05,Ege Bölgesi,140174.0
2018-11-12,Ege Bölgesi,140174.0
2018-11-19,Ege Bölgesi,140174.0
2018-11-26,Ege Bölgesi,140174.0
2018-12-03,Ege Bölgesi,131802.0
2018-12-10,Ege Bölgesi,131802.0
2018-12-17,Ege Bölgesi,131802.0
2018-12-24,Ege Bölgesi,131802.0
2018-12-31,Ege Bölgesi,127336.0
2019-01-07,Ege Bölgesi,127336.0
2019-01-14,Ege Bölgesi,127336.0
2019-01-21,Ege Bölgesi,127336.0
2019-01-28,Ege Bölgesi,121335.0
2019-02-04,Ege Bölgesi,121335.0
2019-02-11,Ege Bölgesi,121335.0
2019-02-18,Ege Bölgesi,121335.0
2019-02-25,Ege Bölgesi,121335.0
2019-03-04,Ege Bölgesi,115791.0
2019-03-11,Ege Bölgesi,115791.0
2019-03-18,Ege Bölgesi,115791.0
2019-03-25,Ege Bölgesi,115791.0
2019-04-01,Ege Bölgesi,112953.0
2019-04-08,Ege Bölgesi,112953.0
2019-04-15,Ege Bölgesi,112953.0
2019-04-22,Ege Bölgesi,112953.0
2019-04-29,Ege Bölgesi,110090.0
2019-05-06,Ege Bölgesi,110090.0
2019-05-13,Ege Bölgesi,110090.0
2019-05-20,Ege Bölgesi,110090.0
2019-05-27,Ege Bölgesi,110090.0
2019-06-03,Ege Bölgesi,105163.0
2019-06-10,Ege Bölgesi,105163.0
2019-06-17,Ege Bölgesi,105163.0
2019-06-24,Ege Bölgesi,105163.0
2019-07-01,Ege Bölgesi,100682.0
2019-07-08,Ege Bölgesi,100682.0
2019-07-15,Ege Bölgesi,100682.0
2019-07-22,Ege Bölgesi,100682.0
2019-07-29,Ege Bölgesi,97762.0
2019-08-05,Ege Bölgesi,97762.0
2019-08-12,Ege Bölgesi,97762.0
2019-08-19,Ege Bölgesi,97762.0
2019-08-26,Ege Bölgesi,97762.0
2019-09-02,Ege Bölgesi,93691.0
2019-09-09,Ege Bölgesi,93691.0
2019-09-16,Ege Bölgesi,93691.0
2019-09-23,Ege Bölgesi,93691.0
2019-09-30,Ege Bölgesi,91111.0
2019-10-07,Ege Bölgesi,91111.0
2019-10-14,Ege Bölgesi,91111.0
2019-10-21,Ege Bölgesi,91111.0
2019-10-28,Ege Bölgesi,91111.0
2019-11-04,Ege Bölgesi,91653.0
2019-11-11,Ege Bölgesi,91653.0
2019-11-18,Ege Bölgesi,91653.0
2019-11-25,Ege Bölgesi,91653.0
2019-12-02,Ege Bölgesi,95432.0
2019-12-09,Ege Bölgesi,95432.0
2019-12-16,Ege Bölgesi,95432.0
2019-12-23,Ege Bölgesi,95432.0
2019-12-30,Ege Bölgesi,95186.0
2014-01-06,Güneydoğu Anadolu Bölgesi,
2014-01-13,Güneydoğu Anadolu Bölgesi,
2014-01-20,Güneydoğu Anadolu Bölgesi,
2014-01-27,Güneydoğu Anadolu Bölgesi,
2014-02-03,Güneydoğu Anadolu Bölgesi,
2014-02-10,Güneydoğu Anadolu Bölgesi,
2014-02-17,Güneydoğu Anadolu Bölgesi,
2014-02-24,Güneydoğu Anadolu Bölgesi,
2014-03-03,Güneydoğu Anadolu Bölgesi,
2014-03-10,Güneydoğu Anadolu Bölgesi,
2014-03-17,Güneydoğu Anadolu Bölgesi,
2014-03-24,Güneydoğu Anadolu Bölgesi,
2014-03-31,Güneydoğu Anadolu Bölgesi,
2014-04-07,Güneydoğu Anadolu Bölgesi,
2014-04-14,Güneydoğu Anadolu Bölgesi,
2014-04-21,Güneydoğu Anadolu Bölgesi,
2014-04-28,Güneydoğu Anadolu Bölgesi,
2014-05-05,Güneydoğu Anadolu Bölgesi,
2014-05-12,Güneydoğu Anadolu Bölgesi,
2014-05-19,Güneydoğu Anadolu Bölgesi,
2014-05-26,Güneydoğu Anadolu Bölgesi,
2014-06-02,Güneydoğu Anadolu Bölgesi,
2014-06-09,Güneydoğu Anadolu Bölgesi,
2014-06-16,Güneydoğu Anadolu Bölgesi,
2014-06-23,Güneydoğu Anadolu Bölgesi,
2014-06-30,Güneydoğu Anadolu Bölgesi,
2014-07-07,Güneydoğu Anadolu Bölgesi,
2014-07-14,Güneydoğu Anadolu Bölgesi,
2014-07-21,Güneydoğu Anadolu Bölgesi,
2014-07-28,Güneydoğu Anadolu Bölgesi,
2014-08-04,Güneydoğu Anadolu Bölgesi,
2014-08-11,Güneydoğu Anadolu Bölgesi,
2014-08-18,Güneydoğu Anadolu Bölgesi,
2014-08-25,Güneydoğu Anadolu Bölgesi,
2014-09-01,Güneydoğu Anadolu Bölgesi,
2014-09-08,Güneydoğu Anadolu Bölgesi,
2014-09-15,Güneydoğu Anadolu Bölgesi,
2014-09-22,Güneydoğu Anadolu Bölgesi,
2014-09-29,Güneydoğu Anadolu Bölgesi,
2014-10-06,Güneydoğu Anadolu Bölgesi,
2014-10-13,Güneydoğu Anadolu Bölgesi,
2014-10-20,Güneydoğu Anadolu Bölgesi,
2014-10-27,Güneydoğu Anadolu Bölgesi,
2014-11-03,Güneydoğu Anadolu Bölgesi,
2014-11-10,Güneydoğu Anadolu Bölgesi,
2014-11-17,Güneydoğu Anadolu Bölgesi,
2014-11-24,Güneydoğu Anadolu Bölgesi,
2014-12-01,Güneydoğu Anadolu Bölgesi,57361.0
2014-12-08,Güneydoğu Anadolu Bölgesi,57361.0
2014-12-15,Güneydoğu Anadolu Bölgesi,57361.0
2014-12-22,Güneydoğu Anadolu Bölgesi,57361.0
2014-12-29,Güneydoğu Anadolu Bölgesi,56895.0
2015-01-05,Güneydoğu Anadolu Bölgesi,56895.0
2015-01-12,Güneydoğu Anadolu Bölgesi,56895.0
2015-01-19,Güneydoğu Anadolu Bölgesi,56895.0
2015-01-26,Güneydoğu Anadolu Bölgesi,56895.0
2015-02-02,Güneydoğu Anadolu Bölgesi,57180.0
2015-02-09,Güneydoğu Anadolu Bölgesi,57180.0
2015-02-16,Güneydoğu Anadolu Bölgesi,57180.0
2015-02-23,Güneydoğu Anadolu Bölgesi,57180.0
2015-03-02,Güneydoğu Anadolu Bölgesi,57400.0
2015-03-09,Güneydoğu Anadolu Bölgesi,57400.0
2015-03-16,Güneydoğu Anadolu Bölgesi,57400.0
2015-03-23,Güneydoğu Anadolu Bölgesi,57400.0
2015-03-30,Güneydoğu Anadolu Bölgesi,57400.0
2015-04-06,Güneydoğu Anadolu Bölgesi,58068.0
2015-04-13,Güneydoğu Anadolu Bölgesi,58068.0
2015-04-20,Güneydoğu Anadolu Bölgesi,58068.0
2015-04-27,Güneydoğu Anadolu Bölgesi,58068.0
2015-05-04,Güneydoğu Anadolu Bölgesi,59829.0
2015-05-11,Güneydoğu Anadolu Bölgesi,59829.0
2015-05-18,Güneydoğu Anadolu Bölgesi,59829.0
2015-05-25,Güneydoğu Anadolu Bölgesi,59829.0
2015-06-01,Güneydoğu Anadolu Bölgesi,62097.0
2015-06-08,Güneydoğu Anadolu Bölgesi,62097.0
2015-06-15,Güneydoğu Anadolu Bölgesi,62097.0
2015-06-22,Güneydoğu Anadolu Bölgesi,62097.0
2015-06-29,Güneydoğu Anadolu Bölgesi,62828.0
2015-07-06,Güneydoğu Anadolu Bölgesi,62828.0
2015-07-13,Güneydoğu Anadolu Bölgesi,62828.0
2015-07-20,Güneydoğu Anadolu Bölgesi,62828.0
2015-07-27,Güneydoğu Anadolu Bölgesi,62828.0
2015-08-03,Güneydoğu Anadolu Bölgesi,63501.0
2015-08-10,Güneydoğu Anadolu Bölgesi,63501.0
2015-08-17,Güneydoğu Anadolu Bölgesi,63501.0
2015-08-24,Güneydoğu Anadolu Bölgesi,63501.0
2015-08-31,Güneydoğu Anadolu Bölgesi,65168.0
2015-09-07,Güneydoğu Anadolu Bölgesi,65168.0
2015-09-14,Güneydoğu Anadolu Bölgesi,65168.0
2015-09-21,Güneydoğu Anadolu Bölgesi,65168.0
2015-09-28,Güneydoğu Anadolu Bölgesi,65769.0
2015-10-05,Güneydoğu Anadolu Bölgesi,65769.0
2015-10-12,Güneydoğu Anadolu Bölgesi,65769.0
2015-10-19,Güneydoğu Anadolu Bölgesi,65769.0
2015-10-26,Güneydoğu Anadolu Bölgesi,65769.0
2015-11-02,Güneydoğu Anadolu Bölgesi,64905.0
2015-11-09,Güneydoğu Anadolu Bölgesi,64905.0
2015-11-16,Güneydoğu Anadolu Bölgesi,64905.0
2015-11-23,Güneydoğu Anadolu Bölgesi,64905.0
2015-11-30,Güneydoğu Anadolu Bölgesi,64787.0
2015-12-07,Güneydoğu Anadolu Bölgesi,64787.0
2015-12-14,Güneydoğu Anadolu Bölgesi,64787.0
2015-12-21,Güneydoğu Anadolu Bölgesi,64787.0
2015-12-28,Güneydoğu Anadolu Bölgesi,64787.0
2016-01-04,Güneydoğu Anadolu Bölgesi,64275.0
2016-01-11,Güneydoğu Anadolu Bölgesi,64275.0
2016-01-18,Güneydoğu Anadolu Bölgesi,64275.0
2016-01-25,Güneydoğu Anadolu Bölgesi,64275.0
2016-02-01,Güneydoğu Anadolu Bölgesi,65325.0
2016-02-08,Güneydoğu Anadolu Bölgesi,65325.0
2016-02-15,Güneydoğu Anadolu Bölgesi,65325.0
2016-02-22,Güneydoğu Anadolu Bölgesi,65325.0
2016-02-29,Güneydoğu Anadolu Bölgesi,62697.0
2016-03-07,Güneydoğu Anadolu Bölgesi,62697.0
2016-03-14,Güneydoğu Anadolu Bölgesi,62697.0
2016-03-21,Güneydoğu Anadolu Bölgesi,62697.0
2016-03-28,Güneydoğu Anadolu Bölgesi,62697.0
2016-04-04,Güneydoğu Anadolu Bölgesi,62211.0
2016-04-11,Güneydoğu Anadolu Bölgesi,62211.0
2016-04-18,Güneydoğu Anadolu Bölgesi,62211.0
2016-04-25,Güneydoğu Anadolu Bölgesi,62211.0
2016-05-02,Güneydoğu Anadolu Bölgesi,61266.0
2016-05-09,Güneydoğu Anadolu Bölgesi,61266.0
2016-05-16,Güneydoğu Anadolu Bölgesi,61266.0
2016-05-23,Güneydoğu Anadolu Bölgesi,61266.0
2016-05-30,Güneydoğu Anadolu Bölgesi,59213.0
2016-06-06,Güneydoğu Anadolu Bölgesi,59213.0
2016-06-13,Güneydoğu Anadolu Bölgesi,59213.0
2016-06-20,Güneydoğu Anadolu Bölgesi,59213.0
2016-06-27,Güneydoğu Anadolu Bölgesi,59213.0
2016-07-04,Güneydoğu Anadolu Bölgesi,58386.0
2016-07-11,Güneydoğu Anadolu Bölgesi,58386.0
2016-07-18,Güneydoğu Anadolu Bölgesi,58386.0
2016-07-25,Güneydoğu Anadolu Bölgesi,58386.0
2016-08-01,Güneydoğu Anadolu Bölgesi,58397.0
2016-08-08,Güneydoğu Anadolu Bölgesi,58397.0
2016-08-15,Güneydoğu Anadolu Bölgesi,58397.0
2016-08-22,Güneydoğu Anadolu Bölgesi,58397.0
2016-08-29,Güneydoğu Anadolu Bölgesi,55586.0
2016-09-05,Güneydoğu Anadolu Bölgesi,55586.0
2016-09-12,Güneydoğu Anadolu Bölgesi,55586.0
2016-09-19,Güneydoğu Anadolu Bölgesi,55586.0
2016-09-26,Güneydoğu Anadolu Bölgesi,55586.0
2016-10-03,Güneydoğu Anadolu Bölgesi,54919.0
2016-10-10,Güneydoğu Anadolu Bölgesi,54919.0
2016-10-17,Güneydoğu Anadolu Bölgesi,54919.0
2016-10-24,Güneydoğu Anadolu Bölgesi,54919.0
2016-10-31,Güneydoğu Anadolu Bölgesi,54737.0
2016-11-07,Güneydoğu Anadolu Bölgesi,54737.0
2016-11-14,Güneydoğu Anadolu Bölgesi,54737.0
2016-11-21,Güneydoğu Anadolu Bölgesi,54737.0
2016-11-28,Güneydoğu Anadolu Bölgesi,55111.0
2016-12-05,Güneydoğu Anadolu Bölgesi,55111.0
2016-12-12,Güneydoğu Anadolu Bölgesi,55111.0
2016-12-19,Güneydoğu Anadolu Bölgesi,55111.0
2016-12-26,Güneydoğu Anadolu Bölgesi,55111.0
2017-01-02,Güneydoğu Anadolu Bölgesi,56559.0
2017-01-09,Güneydoğu Anadolu Bölgesi,56559.0
2017-01-16,Güneydoğu Anadolu Bölgesi,56559.0
2017-01-23,Güneydoğu Anadolu Bölgesi,56559.0
2017-01-30,Güneydoğu Anadolu Bölgesi,55557.0
2017-02-06,Güneydoğu Anadolu Bölgesi,55557.0
2017-02-13,Güneydoğu Anadolu Bölgesi,55557.0
2017-02-20,Güneydoğu Anadolu Bölgesi,55557.0
2017-02-27,Güneydoğu Anadolu Bölgesi,55557.0
2017-03-06,Güneydoğu Anadolu Bölgesi,57146.0
2017-03-13,Güneydoğu Anadolu Bölgesi,57146.0
2017-03-20,Güneydoğu Anadolu Bölgesi,57146.0
2017-03-27,Güneydoğu Anadolu Bölgesi,57146.0
2017-04-03,Güneydoğu Anadolu Bölgesi,57011.0
2017-04-10,Güneydoğu Anadolu Bölgesi,57011.0
2017-04-17,Güneydoğu Anadolu Bölgesi,57011.0
2017-04-24,Güneydoğu Anadolu Bölgesi,57011.0
2017-05-01,Güneydoğu Anadolu Bölgesi,58304.0
2017-05-08,Güneydoğu Anadolu Bölgesi,58304.0
2017-05-15,Güneydoğu Anadolu Bölgesi,58304.0
2017-05-22,Güneydoğu Anadolu Bölgesi,58304.0
2017-05-29,Güneydoğu Anadolu Bölgesi,59483.0
2017-06-05,Güneydoğu Anadolu Bölgesi,59483.0
2017-06-12,Güneydoğu Anadolu Bölgesi,59483.0
2017-06-19,Güneydoğu Anadolu Bölgesi,59483.0
2017-06-26,Güneydoğu Anadolu Bölgesi,59483.0
2017-07-03,Güneydoğu Anadolu Bölgesi,59944.0
2017-07-10,Güneydoğu Anadolu Bölgesi,59944.0
2017-07-17,Güneydoğu Anadolu Bölgesi,59944.0
2017-07-24,Güneydoğu Anadolu Bölgesi,59944.0
2017-07-31,Güneydoğu Anadolu Bölgesi,59588.0
2017-08-07,Güneydoğu Anadolu Bölgesi,59588.0
2017-08-14,Güneydoğu Anadolu Bölgesi,59588.0
2017-08-21,Güneydoğu Anadolu Bölgesi,59588.0
2017-08-28,Güneydoğu Anadolu Bölgesi,61540.0
2017-09-04,Güneydoğu Anadolu Bölgesi,61540.0
2017-09-11,Güneydoğu Anadolu Bölgesi,61540.0
2017-09-18,Güneydoğu Anadolu Bölgesi,61540.0
2017-09-25,Güneydoğu Anadolu Bölgesi,61540.0
2017-10-02,Güneydoğu Anadolu Bölgesi,61919.0
2017-10-09,Güneydoğu Anadolu Bölgesi,61919.0
2017-10-16,Güneydoğu Anadolu Bölgesi,61919.0
2017-10-23,Güneydoğu Anadolu Bölgesi,61919.0
2017-10-30,Güneydoğu Anadolu Bölgesi,62481.0
2017-11-06,Güneydoğu Anadolu Bölgesi,62481.0
2017-11-13,Güneydoğu Anadolu Bölgesi,62481.0
2017-11-20,Güneydoğu Anadolu Bölgesi,62481.0
2017-11-27,Güneydoğu Anadolu Bölgesi,62481.0
2017-12-04,Güneydoğu Anadolu Bölgesi,64336.0
2017-12-11,Güneydoğu Anadolu Bölgesi,64336.0
2017-12-18,Güneydoğu Anadolu Bölgesi,64336.0
2017-12-25,Güneydoğu Anadolu Bölgesi,64336.0
2018-01-01,Güneydoğu Anadolu Bölgesi,64346.0
2018-01-08,Güneydoğu Anadolu Bölgesi,64346.0
2018-01-15,Güneydoğu Anadolu Bölgesi,64346.0
2018-01-22,Güneydoğu Anadolu Bölgesi,64346.0
2018-01-29,Güneydoğu Anadolu Bölgesi,64915.0
2018-02-05,Güneydoğu Anadolu Bölgesi,64915.0
2018-02-12,Güneydoğu Anadolu Bölgesi,64915.0
2018-02-19,Güneydoğu Anadolu Bölgesi,64915.0
2018-02-26,Güneydoğu Anadolu Bölgesi,64915.0
2018-03-05,Güneydoğu Anadolu Bölgesi,64674.0
2018-03-12,Güneydoğu Anadolu Bölgesi,64674.0
2018-03-19,Güneydoğu Anadolu Bölgesi,64674.0
2018-03-26,Güneydoğu Anadolu Bölgesi,64674.0
2018-04-02,Güneydoğu Anadolu Bölgesi,64776.0
2018-04-09,Güneydoğu Anadolu Bölgesi,64776.0
2018-04-16,Güneydoğu Anadolu Bölgesi,64776.0
2018-04-23,Güneydoğu Anadolu Bölgesi,64776.0
2018-04-30,Güneydoğu Anadolu Bölgesi,63793.0
2018-05-07,Güneydoğu Anadolu Bölgesi,63793.0
2018-05-14,Güneydoğu Anadolu Bölgesi,63793.0
2018-05-21,Güneydoğu Anadolu Bölgesi,63793.0
2018-05-28,Güneydoğu Anadolu Bölgesi,63793.0
2018-06-04,Güneydoğu Anadolu Bölgesi,63354.0
2018-06-11,Güneydoğu Anadolu Bölgesi,63354.0
2018-06-18,Güneydoğu Anadolu Bölgesi,63354.0
2018-06-25,Güneydoğu Anadolu Bölgesi,63354.0
2018-07-02,Güneydoğu Anadolu Bölgesi,62519.0
2018-07-09,Güneydoğu Anadolu Bölgesi,62519.0
2018-07-16,Güneydoğu Anadolu Bölgesi,62519.0
2018-07-23,Güneydoğu Anadolu Bölgesi,62519.0
2018-07-30,Güneydoğu Anadolu Bölgesi,61248.0
2018-08-06,Güneydoğu Anadolu Bölgesi,61248.0
2018-08-13,Güneydoğu Anadolu Bölgesi,61248.0
2018-08-20,Güneydoğu Anadolu Bölgesi,61248.0
2018-08-27,Güneydoğu Anadolu Bölgesi,61248.0
2018-09-03,Güneydoğu Anadolu Bölgesi,59910.0
2018-09-10,Güneydoğu Anadolu Bölgesi,59910.0
2018-09-17,Güneydoğu Anadolu Bölgesi,59910.0
2018-09-24,Güneydoğu Anadolu Bölgesi,59910.0
2018-10-01,Güneydoğu Anadolu Bölgesi,57690.0
2018-10-08,Güneydoğu Anadolu Bölgesi,57690.0
2018-10-15,Güneydoğu Anadolu Bölgesi,57690.0
2018-10-22,Güneydoğu Anadolu Bölgesi,57690.0
2018-10-29,Güneydoğu Anadolu Bölgesi,55442.0
2018-11-05,Güneydoğu Anadolu Bölgesi,55442.0
2018-11-12,Güneydoğu Anadolu Bölgesi,55442.0
2018-11-19,Güneydoğu Anadolu Bölgesi,55442.0
2018-11-26,Güneydoğu Anadolu Bölgesi,55442.0
2018-12-03,Güneydoğu Anadolu Bölgesi,51388.0
2018-12-10,Güneydoğu Anadolu Bölgesi,51388.0
2018-12-17,Güneydoğu Anadolu Bölgesi,51388.0
2018-12-24,Güneydoğu Anadolu Bölgesi,51388.0
2018-12-31,Güneydoğu Anadolu Bölgesi,49096.0
2019-01-07,Güneydoğu Anadolu Bölgesi,49096.0
2019-01-14,Güneydoğu Anadolu Bölgesi,49096.0
2019-01-21,Güneydoğu Anadolu Bölgesi,49096.0
2019-01-28,Güneydoğu Anadolu Bölgesi,47243.0
2019-02-04,Güneydoğu Anadolu Bölgesi,47243.0
2019-02-11,Güneydoğu Anadolu Bölgesi,47243.0
2019-02-18,Güneydoğu Anadolu Bölgesi,47243.0
2019-02-25,Güneydoğu Anadolu Bölgesi,47243.0
2019-03-04,Güneydoğu Anadolu Bölgesi,44157.0
2019-03-11,Güneydoğu Anadolu Bölgesi,44157.0
2019-03-18,Güneydoğu Anadolu Bölgesi,44157.0
2019-03-25,Güneydoğu Anadolu Bölgesi,44157.0
2019-04-01,Güneydoğu Anadolu Bölgesi,42471.0
2019-04-08,Güneydoğu Anadolu Bölgesi,42471.0
2019-04-15,Güneydoğu Anadolu Bölgesi,42471.0
2019-04-22,Güneydoğu Anadolu Bölgesi,42471.0
2019-04-29,Güneydoğu Anadolu Bölgesi,40471.0
2019-05-06,Güneydoğu Anadolu Bölgesi,40471.0
2019-05-13,Güneydoğu Anadolu Bölgesi,40471.0
2019-05-20,Güneydoğu Anadolu Bölgesi,40471.0
2019-05-27,Güneydoğu Anadolu Bölgesi,40471.0
2019-06-03,Güneydoğu Anadolu Bölgesi,37886.0
2019-06-10,Güneydoğu Anadolu Bölgesi,37886.0
2019-06-17,Güneydoğu Anadolu Bölgesi,37886.0
2019-06-24,Güneydoğu Anadolu Bölgesi,37886.0
2019-07-01,Güneydoğu Anadolu Bölgesi,36290.0
2019-07-08,Güneydoğu Anadolu Bölgesi,36290.0
2019-07-15,Güneydoğu Anadolu Bölgesi,36290.0
2019-07-22,Güneydoğu Anadolu Bölgesi,36290.0
2019-07-29,Güneydoğu Anadolu Bölgesi,35643.0
2019-08-05,Güneydoğu Anadolu Bölgesi,35643.0
2019-08-12,Güneydoğu Anadolu Bölgesi,35643.0
2019-08-19,Güneydoğu Anadolu Bölgesi,35643.0
2019-08-26,Güneydoğu Anadolu Bölgesi,35643.0
2019-09-02,Güneydoğu Anadolu Bölgesi,34150.0
2019-09-09,Güneydoğu Anadolu Bölgesi,34150.0
2019-09-16,Güneydoğu Anadolu Bölgesi,34150.0
2019-09-23,Güneydoğu Anadolu Bölgesi,34150.0
2019-09-30,Güneydoğu Anadolu Bölgesi,33238.0
2019-10-07,Güneydoğu Anadolu Bölgesi,33238.0
2019-10-14,Güneydoğu Anadolu Bölgesi,33238.0
2019-10-21,Güneydoğu Anadolu Bölgesi,33238.0
2019-10-28,Güneydoğu Anadolu Bölgesi,33238.0
2019-11-04,Güneydoğu Anadolu Bölgesi,33804.0
2019-11-11,Güneydoğu Anadolu Bölgesi,33804.0
2019-11-18,Güneydoğu Anadolu Bölgesi,33804.0
2019-11-25,Güneydoğu Anadolu Bölgesi,33804.0
2019-12-02,Güneydoğu Anadolu Bölgesi,34728.0
2019-12-09,Güneydoğu Anadolu Bölgesi,34728.0
2019-12-16,Güneydoğu Anadolu Bölgesi,34728.0
2019-12-23,Güneydoğu Anadolu Bölgesi,34728.0
2019-12-30,Güneydoğu Anadolu Bölgesi,34392.0
2014-01-06,Karadeniz Bölgesi,
2014-01-13,Karadeniz Bölgesi,
2014-01-20,Karadeniz Bölgesi,
2014-01-27,Karadeniz Bölgesi,
2014-02-03,Karadeniz Bölgesi,
2014-02-10,Karadeniz Bölgesi,
2014-02-17,Karadeniz Bölgesi,
2014-02-24,Karadeniz Bölgesi,
2014-03-03,Karadeniz Bölgesi,
2014-03-10,Karadeniz Bölgesi,
2014-03-17,Karadeniz Bölgesi,
2014-03-24,Karadeniz Bölgesi,
2014-03-31,Karadeniz Bölgesi,
2014-04-07,Karadeniz Bölgesi,
2014-04-14,Karadeniz Bölgesi,
2014-04-21,Karadeniz Bölgesi,
2014-04-28,Karadeniz Bölgesi,
2014-05-05,Karadeniz Bölgesi,
2014-05-12,Karadeniz Bölgesi,
2014-05-19,Karadeniz Bölgesi,
2014-05-26,Karadeniz Bölgesi,
2014-06-02,Karadeniz Bölgesi,
2014-06-09,Karadeniz Bölgesi,
2014-06-16,Karadeniz Bölgesi,
2014-06-23,Karadeniz Bölgesi,
2014-06-30,Karadeniz Bölgesi,
2014-07-07,Karadeniz Bölgesi,
2014-07-14,Karadeniz Bölgesi,
2014-07-21,Karadeniz Bölgesi,
2014-07-28,Karadeniz Bölgesi,
2014-08-04,Karadeniz Bölgesi,
2014-08-11,Karadeniz Bölgesi,
2014-08-18,Karadeniz Bölgesi,
2014-08-25,Karadeniz Bölgesi,
2014-09-01,Karadeniz Bölgesi,
2014-09-08,Karadeniz Bölgesi,
2014-09-15,Karadeniz Bölgesi,
2014-09-22,Karadeniz Bölgesi,
2014-09-29,Karadeniz Bölgesi,
2014-10-06,Karadeniz Bölgesi,
2014-10-13,Karadeniz Bölgesi,
2014-10-20,Karadeniz Bölgesi,
2014-10-27,Karadeniz Bölgesi,
2014-11-03,Karadeniz Bölgesi,
2014-11-10,Karadeniz Bölgesi,
2014-11-17,Karadeniz Bölgesi,
2014-11-24,Karadeniz Bölgesi,
2014-12-01,Karadeniz Bölgesi,50255.0
2014-12-08,Karadeniz Bölgesi,50255.0
2014-12-15,Karadeniz Bölgesi,50255.0
2014-12-22,Karadeniz Bölgesi,50255.0
2014-12-29,Karadeniz Bölgesi,50235.0
2015-01-05,Karadeniz Bölgesi,50235.0
2015-01-12,Karadeniz Bölgesi,50235.0
2015-01-19,Karadeniz Bölgesi,50235.0
2015-01-26,Karadeniz Bölgesi,50235.0
2015-02-02,Karadeniz Bölgesi,51111.0
2015-02-09,Karadeniz Bölgesi,51111.0
2015-02-16,Karadeniz Bölgesi,51111.0
2015-02-23,Karadeniz Bölgesi,51111.0
2015-03-02,Karadeniz Bölgesi,51598.0
2015-03-09,Karadeniz Bölgesi,51598.0
2015-03-16,Karadeniz Bölgesi,51598.0
2015-03-23,Karadeniz Bölgesi,51598.0
2015-03-30,Karadeniz Bölgesi,51598.0
2015-04-06,Karadeniz Bölgesi,52461.0
2015-04-13,Karadeniz Bölgesi,52461.0
2015-04-20,Karadeniz Bölgesi,52461.0
2015-04-27,Karadeniz Bölgesi,52461.0
2015-05-04,Karadeniz Bölgesi,54866.0
2015-05-11,Karadeniz Bölgesi,54866.0
2015-05-18,Karadeniz Bölgesi,54866.0
2015-05-25,Karadeniz Bölgesi,54866.0
2015-06-01,Karadeniz Bölgesi,57157.0
2015-06-08,Karadeniz Bölgesi,57157.0
2015-06-15,Karadeniz Bölgesi,57157.0
2015-06-22,Karadeniz Bölgesi,57157.0
2015-06-29,Karadeniz Bölgesi,58669.0
2015-07-06,Karadeniz Bölgesi,58669.0
2015-07-13,Karadeniz Bölgesi,58669.0
2015-07-20,Karadeniz Bölgesi,58669.0
2015-07-27,Karadeniz Bölgesi,58669.0
2015-08-03,Karadeniz Bölgesi,59536.0
2015-08-10,Karadeniz Bölgesi,59536.0
2015-08-17,Karadeniz Bölgesi,59536.0
2015-08-24,Karadeniz Bölgesi,59536.0
2015-08-31,Karadeniz Bölgesi,61026.0
2015-09-07,Karadeniz Bölgesi,61026.0
2015-09-14,Karadeniz Bölgesi,61026.0
2015-09-21,Karadeniz Bölgesi,61026.0
2015-09-28,Karadeniz Bölgesi,61966.0
2015-10-05,Karadeniz Bölgesi,61966.0
2015-10-12,Karadeniz Bölgesi,61966.0
2015-10-19,Karadeniz Bölgesi,61966.0
2015-10-26,Karadeniz Bölgesi,61966.0
2015-11-02,Karadeniz Bölgesi,61957.0
2015-11-09,Karadeniz Bölgesi,61957.0
2015-11-16,Karadeniz Bölgesi,61957.0
2015-11-23,Karadeniz Bölgesi,61957.0
2015-11-30,Karadeniz Bölgesi,61811.0
2015-12-07,Karadeniz Bölgesi,61811.0
2015-12-14,Karadeniz Bölgesi,61811.0
2015-12-21,Karadeniz Bölgesi,61811.0
2015-12-28,Karadeniz Bölgesi,61811.0
2016-01-04,Karadeniz Bölgesi,61724.0
2016-01-11,Karadeniz Bölgesi,61724.0
2016-01-18,Karadeniz Bölgesi,61724.0
2016-01-25,Karadeniz Bölgesi,61724.0
2016-02-01,Karadeniz Bölgesi,63386.0
2016-02-08,Karadeniz Bölgesi,63386.0
2016-02-15,Karadeniz Bölgesi,63386.0
2016-02-22,Karadeniz Bölgesi,63386.0
2016-02-29,Karadeniz Bölgesi,62319.0
2016-03-07,Karadeniz Bölgesi,62319.0
2016-03-14,Karadeniz Bölgesi,62319.0
2016-03-21,Karadeniz Bölgesi,62319.0
2016-03-28,Karadeniz Bölgesi,62319.0
2016-04-04,Karadeniz Bölgesi,62329.0
2016-04-11,Karadeniz Bölgesi,62329.0
2016-04-18,Karadeniz Bölgesi,62329.0
2016-04-25,Karadeniz Bölgesi,62329.0
2016-05-02,Karadeniz Bölgesi,62549.0
2016-05-09,Karadeniz Bölgesi,62549.0
2016-05-16,Karadeniz Bölgesi,62549.0
2016-05-23,Karadeniz Bölgesi,62549.0
2016-05-30,Karadeniz Bölgesi,62209.0
2016-06-06,Karadeniz Bölgesi,62209.0
2016-06-13,Karadeniz Bölgesi,62209.0
2016-06-20,Karadeniz Bölgesi,62209.0
2016-06-27,Karadeniz Bölgesi,62209.0
2016-07-04,Karadeniz Bölgesi,62771.0
2016-07-11,Karadeniz Bölgesi,62771.0
2016-07-18,Karadeniz Bölgesi,62771.0
2016-07-25,Karadeniz Bölgesi,62771.0
2016-08-01,Karadeniz Bölgesi,63715.0
2016-08-08,Karadeniz Bölgesi,63715.0
2016-08-15,Karadeniz Bölgesi,63715.0
2016-08-22,Karadeniz Bölgesi,63715.0
2016-08-29,Karadeniz Bölgesi,62696.0
2016-09-05,Karadeniz Bölgesi,62696.0
2016-09-12,Karadeniz Bölgesi,62696.0
2016-09-19,Karadeniz Bölgesi,62696.0
2016-09-26,Karadeniz Bölgesi,62696.0
2016-10-03,Karadeniz Bölgesi,62539.0
2016-10-10,Karadeniz Bölgesi,62539.0
2016-10-17,Karadeniz Bölgesi,62539.0
2016-10-24,Karadeniz Bölgesi,62539.0
2016-10-31,Karadeniz Bölgesi,62948.0
2016-11-07,Karadeniz Bölgesi,62948.0
2016-11-14,Karadeniz Bölgesi,62948.0
2016-11-21,Karadeniz Bölgesi,62948.0
2016-11-28,Karadeniz Bölgesi,64133.0
2016-12-05,Karadeniz Bölgesi,64133.0
2016-12-12,Karadeniz Bölgesi,64133.0
2016-12-19,Karadeniz Bölgesi,64133.0
2016-12-26,Karadeniz Bölgesi,64133.0
2017-01-02,Karadeniz Bölgesi,66664.0
2017-01-09,Karadeniz Bölgesi,66664.0
2017-01-16,Karadeniz Bölgesi,66664.0
2017-01-23,Karadeniz Bölgesi,66664.0
2017-01-30,Karadeniz Bölgesi,66282.0
2017-02-06,Karadeniz Bölgesi,66282.0
2017-02-13,Karadeniz Bölgesi,66282.0
2017-02-20,Karadeniz Bölgesi,66282.0
2017-02-27,Karadeniz Bölgesi,66282.0
2017-03-06,Karadeniz Bölgesi,68009.0
2017-03-13,Karadeniz Bölgesi,68009.0
2017-03-20,Karadeniz Bölgesi,68009.0
2017-03-27,Karadeniz Bölgesi,68009.0
2017-04-03,Karadeniz Bölgesi,67868.0
2017-04-10,Karadeniz Bölgesi,67868.0
2017-04-17,Karadeniz Bölgesi,67868.0
2017-04-24,Karadeniz Bölgesi,67868.0
2017-05-01,Karadeniz Bölgesi,69097.0
2017-05-08,Karadeniz Bölgesi,69097.0
2017-05-15,Karadeniz Bölgesi,69097.0
2017-05-22,Karadeniz Bölgesi,69097.0
2017-05-29,Karadeniz Bölgesi,69376.0
2017-06-05,Karadeniz Bölgesi,69376.0
2017-06-12,Karadeniz Bölgesi,69376.0
2017-06-19,Karadeniz Bölgesi,69376.0
2017-06-26,Karadeniz Bölgesi,69376.0
2017-07-03,Karadeniz Bölgesi,69045.0
2017-07-10,Karadeniz Bölgesi,69045.0
2017-07-17,Karadeniz Bölgesi,69045.0
2017-07-24,Karadeniz Bölgesi,69045.0
2017-07-31,Karadeniz Bölgesi,68548.0
2017-08-07,Karadeniz Bölgesi,68548.0
2017-08-14,Karadeniz Bölgesi,68548.0
2017-08-21,Karadeniz Bölgesi,68548.0
2017-08-28,Karadeniz Bölgesi,70357.0
2017-09-04,Karadeniz Bölgesi,70357.0
2017-09-11,Karadeniz Bölgesi,70357.0
2017-09-18,Karadeniz Bölgesi,70357.0
2017-09-25,Karadeniz Bölgesi,70357.0
2017-10-02,Karadeniz Bölgesi,70710.0
2017-10-09,Karadeniz Bölgesi,70710.0
2017-10-16,Karadeniz Bölgesi,70710.0
2017-10-23,Karadeniz Bölgesi,70710.0
2017-10-30,Karadeniz Bölgesi,70822.0
2017-11-06,Karadeniz Bölgesi,70822.0
2017-11-13,Karadeniz Bölgesi,70822.0
2017-11-20,Karadeniz Bölgesi,70822.0
2017-11-27,Karadeniz Bölgesi,70822.0
2017-12-04,Karadeniz Bölgesi,71413.0
2017-12-11,Karadeniz Bölgesi,71413.0
2017-12-18,Karadeniz Bölgesi,71413.0
2017-12-25,Karadeniz Bölgesi,71413.0
2018-01-01,Karadeniz Bölgesi,69725.0
2018-01-08,Karadeniz Bölgesi,69725.0
2018-01-15,Karadeniz Bölgesi,69725.0
2018-01-22,Karadeniz Bölgesi,69725.0
2018-01-29,Karadeniz Bölgesi,69167.0
2018-02-05,Karadeniz Bölgesi,69167.0
2018-02-12,Karadeniz Bölgesi,69167.0
2018-02-19,Karadeniz Bölgesi,69167.0
2018-02-26,Karadeniz Bölgesi,69167.0
2018-03-05,Karadeniz Bölgesi,67713.0
2018-03-12,Karadeniz Bölgesi,67713.0
2018-03-19,Karadeniz Bölgesi,67713.0
2018-03-26,Karadeniz Bölgesi,67713.0
2018-04-02,Karadeniz Bölgesi,67633.0
2018-04-09,Karadeniz Bölgesi,67633.0
2018-04-16,Karadeniz Bölgesi,67633.0
2018-04-23,Karadeniz Bölgesi,67633.0
2018-04-30,Karadeniz Bölgesi,65358.0
2018-05-07,Karadeniz Bölgesi,65358.0
2018-05-14,Karadeniz Bölgesi,65358.0
2018-05-21,Karadeniz Bölgesi,65358.0
2018-05-28,Karadeniz Bölgesi,65358.0
2018-06-04,Karadeniz Bölgesi,63906.0
2018-06-11,Karadeniz Bölgesi,63906.0
2018-06-18,Karadeniz Bölgesi,63906.0
2018-06-25,Karadeniz Bölgesi,63906.0
2018-07-02,Karadeniz Bölgesi,62848.0
2018-07-09,Karadeniz Bölgesi,62848.0
2018-07-16,Karadeniz Bölgesi,62848.0
2018-07-23,Karadeniz Bölgesi,62848.0
2018-07-30,Karadeniz Bölgesi,61667.0
2018-08-06,Karadeniz Bölgesi,61667.0
2018-08-13,Karadeniz Bölgesi,61667.0
2018-08-20,Karadeniz Bölgesi,61667.0
2018-08-27,Karadeniz Bölgesi,61667.0
2018-09-03,Karadeniz Bölgesi,59310.0
2018-09-10,Karadeniz Bölgesi,59310.0
2018-09-17,Karadeniz Bölgesi,59310.0
2018-09-24,Karadeniz Bölgesi,59310.0
2018-10-01,Karadeniz Bölgesi,56801.0
2018-10-08,Karadeniz Bölgesi,56801.0
2018-10-15,Karadeniz Bölgesi,56801.0
2018-10-22,Karadeniz Bölgesi,56801.0
2018-10-29,Karadeniz Bölgesi,54531.0
2018-11-05,Karadeniz Bölgesi,54531.0
2018-11-12,Karadeniz Bölgesi,54531.0
2018-11-19,Karadeniz Bölgesi,54531.0
2018-11-26,Karadeniz Bölgesi,54531.0
2018-12-03,Karadeniz Bölgesi,50601.0
2018-12-10,Karadeniz Bölgesi,50601.0
2018-12-17,Karadeniz Bölgesi,50601.0
2018-12-24,Karadeniz Bölgesi,50601.0
2018-12-31,Karadeniz Bölgesi,48723.0
2019-01-07,Karadeniz Bölgesi,48723.0
2019-01-14,Karadeniz Bölgesi,48723.0
2019-01-21,Karadeniz Bölgesi,48723.0
2019-01-28,Karadeniz Bölgesi,46341.0
2019-02-04,Karadeniz Bölgesi,46341.0
2019-02-11,Karadeniz Bölgesi,46341.0
2019-02-18,Karadeniz Bölgesi,46341.0
2019-02-25,Karadeniz Bölgesi,46341.0
2019-03-04,Karadeniz Bölgesi,43584.0
2019-03-11,Karadeniz Bölgesi,43584.0
2019-03-18,Karadeniz Bölgesi,43584.0
2019-03-25,Karadeniz Bölgesi,43584.0
2019-04-01,Karadeniz Bölgesi,42051.0
2019-04-08,Karadeniz Bölgesi,42051.0
2019-04-15,Karadeniz Bölgesi,42051.0
2019-04-22,Karadeniz Bölgesi,42051.0
2019-04-29,Karadeniz Bölgesi,40378.0
2019-05-06,Karadeniz Bölgesi,40378.0
2019-05-13,Karadeniz Bölgesi,40378.0
2019-05-20,Karadeniz Bölgesi,40378.0
2019-05-27,Karadeniz Bölgesi,40378.0
2019-06-03,Karadeniz Bölgesi,38507.0
2019-06-10,Karadeniz Bölgesi,38507.0
2019-06-17,Karadeniz Bölgesi,38507.0
2019-06-24,Karadeniz Bölgesi,38507.0
2019-07-01,Karadeniz Bölgesi,36716.0
2019-07-08,Karadeniz Bölgesi,36716.0
2019-07-15,Karadeniz Bölgesi,36716.0
2019-07-22,Karadeniz Bölgesi,36716.0
2019-07-29,Karadeniz Bölgesi,35490.0
2019-08-05,Karadeniz Bölgesi,35490.0
2019-08-12,Karadeniz Bölgesi,35490.0
2019-08-19,Karadeniz Bölgesi,35490.0
2019-08-26,Karadeniz Bölgesi,35490.0
2019-09-02,Karadeniz Bölgesi,33925.0
2019-09-09,Karadeniz Bölgesi,33925.0
2019-09-16,Karadeniz Bölgesi,33925.0
2019-09-23,Karadeniz Bölgesi,33925.0
2019-09-30,Karadeniz Bölgesi,32966.0
2019-10-07,Karadeniz Bölgesi,32966.0
2019-10-14,Karadeniz Bölgesi,32966.0
2019-10-21,Karadeniz Bölgesi,32966.0
2019-10-28,Karadeniz Bölgesi,32966.0
2019-11-04,Karadeniz Bölgesi,33186.0
2019-11-11,Karadeniz Bölgesi,33186.0
2019-11-18,Karadeniz Bölgesi,33186.0
2019-11-25,Karadeniz Bölgesi,33186.0
2019-12-02,Karadeniz Bölgesi,34697.0
2019-12-09,Karadeniz Bölgesi,34697.0
2019-12-16,Karadeniz Bölgesi,34697.0
2019-12-23,Karadeniz Bölgesi,34697.0
2019-12-30,Karadeniz Bölgesi,34532.0
2014-01-06,Marmara Bölgesi,
2014-01-13,Marmara Bölgesi,
2014-01-20,Marmara Bölgesi,
2014-01-27,Marmara Bölgesi,
2014-02-03,Marmara Bölgesi,
2014-02-10,Marmara Bölgesi,
2014-02-17,Marmara Bölgesi,
2014-02-24,Marmara Bölgesi,
2014-03-03,Marmara Bölgesi,
2014-03-10,Marmara Bölgesi,
2014-03-17,Marmara Bölgesi,
2014-03-24,Marmara Bölgesi,
2014-03-31,Marmara Bölgesi,
2014-04-07,Marmara Bölgesi,
2014-04-14,Marmara Bölgesi,
2014-04-21,Marmara Bölgesi,
2014-04-28,Marmara Bölgesi,
2014-05-05,Marmara Bölgesi,
2014-05-12,Marmara Bölgesi,
2014-05-19,Marmara Bölgesi,
2014-05-26,Marmara Bölgesi,
2014-06-02,Marmara Bölgesi,
2014-06-09,Marmara Bölgesi,
2014-06-16,Marmara Bölgesi,
2014-06-23,Marmara Bölgesi,
2014-06-30,Marmara Bölgesi,
2014-07-07,Marmara Bölgesi,
2014-07-14,Marmara Bölgesi,
2014-07-21,Marmara Bölgesi,
2014-07-28,Marmara Bölgesi,
2014-08-04,Marmara Bölgesi,
2014-08-11,Marmara Bölgesi,
2014-08-18,Marmara Bölgesi,
2014-08-25,Marmara Bölgesi,
2014-09-01,Marmara Bölgesi,
2014-09-08,Marmara Bölgesi,
2014-09-15,Marmara Bölgesi,
2014-09-22,Marmara Bölgesi,
2014-09-29,Marmara Bölgesi,
2014-10-06,Marmara Bölgesi,
2014-10-13,Marmara Bölgesi,
2014-10-20,Marmara Bölgesi,
2014-10-27,Marmara Bölgesi,
2014-11-03,Marmara Bölgesi,
2014-11-10,Marmara Bölgesi,
2014-11-17,Marmara Bölgesi,
2014-11-24,Marmara Bölgesi,
2014-12-01,Marmara Bölgesi,489456.0
2014-12-08,Marmara Bölgesi,489456.0
2014-12-15,Marmara Bölgesi,489456.0
2014-12-22,Marmara Bölgesi,489456.0
2014-12-29,Marmara Bölgesi,489590.0
2015-01-05,Marmara Bölgesi,489590.0
2015-01-12,Marmara Bölgesi,489590.0
2015-01-19,Marmara Bölgesi,489590.0
2015-01-26,Marmara Bölgesi,489590.0
2015-02-02,Marmara Bölgesi,496662.0
2015-02-09,Marmara Bölgesi,496662.0
2015-02-16,Marmara Bölgesi,496662.0
2015-02-23,Marmara Bölgesi,496662.0
2015-03-02,Marmara Bölgesi,503660.0
2015-03-09,Marmara Bölgesi,503660.0
2015-03-16,Marmara Bölgesi,503660.0
2015-03-23,Marmara Bölgesi,503660.0
2015-03-30,Marmara Bölgesi,503660.0
2015-04-06,Marmara Bölgesi,509787.0
2015-04-13,Marmara Bölgesi,509787.0
2015-04-20,Marmara Bölgesi,509787.0
2015-04-27,Marmara Bölgesi,509787.0
2015-05-04,Marmara Bölgesi,531711.0
2015-05-11,Marmara Bölgesi,531711.0
2015-05-18,Marmara Bölgesi,531711.0
2015-05-25,Marmara Bölgesi,531711.0
2015-06-01,Marmara Bölgesi,551921.0
2015-06-08,Marmara Bölgesi,551921.0
2015-06-15,Marmara Bölgesi,551921.0
2015-06-22,Marmara Bölgesi,551921.0
2015-06-29,Marmara Bölgesi,564768.0
2015-07-06,Marmara Bölgesi,564768.0
2015-07-13,Marmara Bölgesi,564768.0
2015-07-20,Marmara Bölgesi,564768.0
2015-07-27,Marmara Bölgesi,564768.0
2015-08-03,Marmara Bölgesi,573777.0
2015-08-10,Marmara Bölgesi,573777.0
2015-08-17,Marmara Bölgesi,573777.0
2015-08-24,Marmara Bölgesi,573777.0
2015-08-31,Marmara Bölgesi,591779.0
2015-09-07,Marmara Bölgesi,591779.0
2015-09-14,Marmara Bölgesi,591779.0
2015-09-21,Marmara Bölgesi,591779.0
2015-09-28,Marmara Bölgesi,605091.0
2015-10-05,Marmara Bölgesi,605091.0
2015-10-12,Marmara Bölgesi,605091.0
2015-10-19,Marmara Bölgesi,605091.0
2015-10-26,Marmara Bölgesi,605091.0
2015-11-02,Marmara Bölgesi,602781.0
2015-11-09,Marmara Bölgesi,602781.0
2015-11-16,Marmara Bölgesi,602781.0
2015-11-23,Marmara Bölgesi,602781.0
2015-11-30,Marmara Bölgesi,599692.0
2015-12-07,Marmara Bölgesi,599692.0
2015-12-14,Marmara Bölgesi,599692.0
2015-12-21,Marmara Bölgesi,599692.0
2015-12-28,Marmara Bölgesi,599692.0
2016-01-04,Marmara Bölgesi,602672.0
2016-01-11,Marmara Bölgesi,602672.0
2016-01-18,Marmara Bölgesi,602672.0
2016-01-25,Marmara Bölgesi,602672.0
2016-02-01,Marmara Bölgesi,617696.0
2016-02-08,Marmara Bölgesi,617696.0
2016-02-15,Marmara Bölgesi,617696.0
2016-02-22,Marmara Bölgesi,617696.0
2016-02-29,Marmara Bölgesi,605759.0
2016-03-07,Marmara Bölgesi,605759.0
2016-03-14,Marmara Bölgesi,605759.0
2016-03-21,Marmara Bölgesi,605759.0
2016-03-28,Marmara Bölgesi,605759.0
2016-04-04,Marmara Bölgesi,608563.0
2016-04-11,Marmara Bölgesi,608563.0
2016-04-18,Marmara Bölgesi,608563.0
2016-04-25,Marmara Bölgesi,608563.0
2016-05-02,Marmara Bölgesi,607795.0
2016-05-09,Marmara Bölgesi,607795.0
2016-05-16,Marmara Bölgesi,607795.0
2016-05-23,Marmara Bölgesi,607795.0
2016-05-30,Marmara Bölgesi,606926.0
2016-06-06,Marmara Bölgesi,606926.0
2016-06-13,Marmara Bölgesi,606926.0
2016-06-20,Marmara Bölgesi,606926.0
2016-06-27,Marmara Bölgesi,606926.0
2016-07-04,Marmara Bölgesi,613095.0
2016-07-11,Marmara Bölgesi,613095.0
2016-07-18,Marmara Bölgesi,613095.0
2016-07-25,Marmara Bölgesi,613095.0
2016-08-01,Marmara Bölgesi,630826.0
2016-08-08,Marmara Bölgesi,630826.0
2016-08-15,Marmara Bölgesi,630826.0
2016-08-22,Marmara Bölgesi,630826.0
2016-08-29,Marmara Bölgesi,603036.0
2016-09-05,Marmara Bölgesi,603036.0
2016-09-12,Marmara Bölgesi,603036.0
2016-09-19,Marmara Bölgesi,603036.0
2016-09-26,Marmara Bölgesi,603036.0
2016-10-03,Marmara Bölgesi,594444.0
2016-10-10,Marmara Bölgesi,594444.0
2016-10-17,Marmara Bölgesi,594444.0
2016-10-24,Marmara Bölgesi,594444.0
2016-10-31,Marmara Bölgesi,590791.0
2016-11-07,Marmara Bölgesi,590791.0
2016-11-14,Marmara Bölgesi,590791.0
2016-11-21,Marmara Bölgesi,590791.0
2016-11-28,Marmara Bölgesi,597257.0
2016-12-05,Marmara Bölgesi,597257.0
2016-12-12,Marmara Bölgesi,597257.0
2016-12-19,Marmara Bölgesi,597257.0
2016-12-26,Marmara Bölgesi,597257.0
2017-01-02,Marmara Bölgesi,611811.0
2017-01-09,Marmara Bölgesi,611811.0
2017-01-16,Marmara Bölgesi,611811.0
2017-01-23,Marmara Bölgesi,611811.0
2017-01-30,Marmara Bölgesi,599300.0
2017-02-06,Marmara Bölgesi,599300.0
2017-02-13,Marmara Bölgesi,599300.0
2017-02-20,Marmara Bölgesi,599300.0
2017-02-27,Marmara Bölgesi,599300.0
2017-03-06,Marmara Bölgesi,605537.0
2017-03-13,Marmara Bölgesi,605537.0
2017-03-20,Marmara Bölgesi,605537.0
2017-03-27,Marmara Bölgesi,605537.0
2017-04-03,Marmara Bölgesi,604166.0
2017-04-10,Marmara Bölgesi,604166.0
2017-04-17,Marmara Bölgesi,604166.0
2017-04-24,Marmara Bölgesi,604166.0
2017-05-01,Marmara Bölgesi,600229.0
2017-05-08,Marmara Bölgesi,600229.0
2017-05-15,Marmara Bölgesi,600229.0
2017-05-22,Marmara Bölgesi,600229.0
2017-05-29,Marmara Bölgesi,590663.0
2017-06-05,Marmara Bölgesi,590663.0
2017-06-12,Marmara Bölgesi,590663.0
2017-06-19,Marmara Bölgesi,590663.0
2017-06-26,Marmara Bölgesi,590663.0
2017-07-03,Marmara Bölgesi,586933.0
2017-07-10,Marmara Bölgesi,586933.0
2017-07-17,Marmara Bölgesi,586933.0
2017-07-24,Marmara Bölgesi,586933.0
2017-07-31,Marmara Bölgesi,575049.0
2017-08-07,Marmara Bölgesi,575049.0
2017-08-14,Marmara Bölgesi,575049.0
2017-08-21,Marmara Bölgesi,575049.0
2017-08-28,Marmara Bölgesi,593197.0
2017-09-04,Marmara Bölgesi,593197.0
2017-09-11,Marmara Bölgesi,593197.0
2017-09-18,Marmara Bölgesi,593197.0
2017-09-25,Marmara Bölgesi,593197.0
2017-10-02,Marmara Bölgesi,601964.0
2017-10-09,Marmara Bölgesi,601964.0
2017-10-16,Marmara Bölgesi,601964.0
2017-10-23,Marmara Bölgesi,601964.0
2017-10-30,Marmara Bölgesi,605026.0
2017-11-06,Marmara Bölgesi,605026.0
2017-11-13,Marmara Bölgesi,605026.0
2017-11-20,Marmara Bölgesi,605026.0
2017-11-27,Marmara Bölgesi,605026.0
2017-12-04,Marmara Bölgesi,610855.0
2017-12-11,Marmara Bölgesi,610855.0
2017-12-18,Marmara Bölgesi,610855.0
2017-12-25,Marmara Bölgesi,610855.0
2018-01-01,Marmara Bölgesi,602718.0
2018-01-08,Marmara Bölgesi,602718.0
2018-01-15,Marmara Bölgesi,602718.0
2018-01-22,Marmara Bölgesi,602718.0
2018-01-29,Marmara Bölgesi,605763.0
2018-02-05,Marmara Bölgesi,605763.0
2018-02-12,Marmara Bölgesi,605763.0
2018-02-19,Marmara Bölgesi,605763.0
2018-02-26,Marmara Bölgesi,605763.0
2018-03-05,Marmara Bölgesi,605294.0
2018-03-12,Marmara Bölgesi,605294.0
2018-03-19,Marmara Bölgesi,605294.0
2018-03-26,Marmara Bölgesi,605294.0
2018-04-02,Marmara Bölgesi,604819.0
2018-04-09,Marmara Bölgesi,604819.0
2018-04-16,Marmara Bölgesi,604819.0
2018-04-23,Marmara Bölgesi,604819.0
2018-04-30,Marmara Bölgesi,605793.0
2018-05-07,Marmara Bölgesi,605793.0
2018-05-14,Marmara Bölgesi,605793.0
2018-05-21,Marmara Bölgesi,605793.0
2018-05-28,Marmara Bölgesi,605793.0
2018-06-04,Marmara Bölgesi,608846.0
2018-06-11,Marmara Bölgesi,608846.0
2018-06-18,Marmara Bölgesi,608846.0
2018-06-25,Marmara Bölgesi,608846.0
2018-07-02,Marmara Bölgesi,603250.0
2018-07-09,Marmara Bölgesi,603250.0
2018-07-16,Marmara Bölgesi,603250.0
2018-07-23,Marmara Bölgesi,603250.0
2018-07-30,Marmara Bölgesi,583799.0
2018-08-06,Marmara Bölgesi,583799.0
2018-08-13,Marmara Bölgesi,583799.0
2018-08-20,Marmara Bölgesi,583799.0
2018-08-27,Marmara Bölgesi,583799.0
2018-09-03,Marmara Bölgesi,566889.0
2018-09-10,Marmara Bölgesi,566889.0
2018-09-17,Marmara Bölgesi,566889.0
2018-09-24,Marmara Bölgesi,566889.0
2018-10-01,Marmara Bölgesi,545273.0
2018-10-08,Marmara Bölgesi,545273.0
2018-10-15,Marmara Bölgesi,545273.0
2018-10-22,Marmara Bölgesi,545273.0
2018-10-29,Marmara Bölgesi,525415.0
2018-11-05,Marmara Bölgesi,525415.0
2018-11-12,Marmara Bölgesi,525415.0
2018-11-19,Marmara Bölgesi,525415.0
2018-11-26,Marmara Bölgesi,525415.0
2018-12-03,Marmara Bölgesi,489128.0
2018-12-10,Marmara Bölgesi,489128.0
2018-12-17,Marmara Bölgesi,489128.0
2018-12-24,Marmara Bölgesi,489128.0
2018-12-31,Marmara Bölgesi,463949.0
2019-01-07,Marmara Bölgesi,463949.0
2019-01-14,Marmara Bölgesi,463949.0
2019-01-21,Marmara Bölgesi,463949.0
2019-01-28,Marmara Bölgesi,438467.0
2019-02-04,Marmara Bölgesi,438467.0
2019-02-11,Marmara Bölgesi,438467.0
2019-02-18,Marmara Bölgesi,438467.0
2019-02-25,Marmara Bölgesi,438467.0
2019-03-04,Marmara Bölgesi,409950.0
2019-03-11,Marmara Bölgesi,409950.0
2019-03-18,Marmara Bölgesi,409950.0
2019-03-25,Marmara Bölgesi,409950.0
2019-04-01,Marmara Bölgesi,393728.0
2019-04-08,Marmara Bölgesi,393728.0
2019-04-15,Marmara Bölgesi,393728.0
2019-04-22,Marmara Bölgesi,393728.0
2019-04-29,Marmara Bölgesi,372477.0
2019-05-06,Marmara Bölgesi,372477.0
2019-05-13,Marmara Bölgesi,372477.0
2019-05-20,Marmara Bölgesi,372477.0
2019-05-27,Marmara Bölgesi,372477.0
2019-06-03,Marmara Bölgesi,348076.0
2019-06-10,Marmara Bölgesi,348076.0
2019-06-17,Marmara Bölgesi,348076.0
2019-06-24,Marmara Bölgesi,348076.0
2019-07-01,Marmara Bölgesi,323874.0
2019-07-08,Marmara Bölgesi,323874.0
2019-07-15,Marmara Bölgesi,323874.0
2019-07-22,Marmara Bölgesi,323874.0
2019-07-29,Marmara Bölgesi,312364.0
2019-08-05,Marmara Bölgesi,312364.0
2019-08-12,Marmara Bölgesi,312364.0
2019-08-19,Marmara Bölgesi,312364.0
2019-08-26,Marmara Bölgesi,312364.0
2019-09-02,Marmara Bölgesi,299335.0
2019-09-09,Marmara Bölgesi,299335.0
2019-09-16,Marmara Bölgesi,299335.0
2019-09-23,Marmara Bölgesi,299335.0
2019-09-30,Marmara Bölgesi,284882.0
2019-10-07,Marmara Bölgesi,284882.0
2019-10-14,Marmara Bölgesi,284882.0
2019-10-21,Marmara Bölgesi,284882.0
2019-10-28,Marmara Bölgesi,284882.0
2019-11-04,Marmara Bölgesi,288602.0
2019-11-11,Marmara Bölgesi,288602.0
2019-11-18,Marmara Bölgesi,288602.0
2019-11-25,Marmara Bölgesi,288602.0
2019-12-02,Marmara Bölgesi,304381.0
2019-12-09,Marmara Bölgesi,304381.0
2019-12-16,Marmara Bölgesi,304381.0
2019-12-23,Marmara Bölgesi,304381.0
2019-12-30,Marmara Bölgesi,307261.0
2014-01-06,İç Anadolu Bölgesi,
2014-01-13,İç Anadolu Bölgesi,
2014-01-20,İç Anadolu Bölgesi,
2014-01-27,İç Anadolu Bölgesi,
2014-02-03,İç Anadolu Bölgesi,
2014-02-10,İç Anadolu Bölgesi,
2014-02-17,İç Anadolu Bölgesi,
2014-02-24,İç Anadolu Bölgesi,
2014-03-03,İç Anadolu Bölgesi,
2014-03-10,İç Anadolu Bölgesi,
2014-03-17,İç Anadolu Bölgesi,
2014-03-24,İç Anadolu Bölgesi,
2014-03-31,İç Anadolu Bölgesi,
2014-04-07,İç Anadolu Bölgesi,
2014-04-14,İç Anadolu Bölgesi,
2014-04-21,İç Anadolu Bölgesi,
2014-04-28,İç Anadolu Bölgesi,
2014-05-05,İç Anadolu Bölgesi,
2014-05-12,İç Anadolu Bölgesi,
2014-05-19,İç Anadolu Bölgesi,
2014-05-26,İç Anadolu Bölgesi,
2014-06-02,İç Anadolu Bölgesi,
2014-06-09,İç Anadolu Bölgesi,
2014-06-16,İç Anadolu Bölgesi,
2014-06-23,İç Anadolu Bölgesi,
2014-06-30,İç Anadolu Bölgesi,
2014-07-07,İç Anadolu Bölgesi,
2014-07-14,İç Anadolu Bölgesi,
2014-07-21,İç Anadolu Bölgesi,
2014-07-28,İç Anadolu Bölgesi,
2014-08-04,İç Anadolu Bölgesi,
2014-08-11,İç Anadolu Bölgesi,
2014-08-18,İç Anadolu Bölgesi,
2014-08-25,İç Anadolu Bölgesi,
2014-09-01,İç Anadolu Bölgesi,
2014-09-08,İç Anadolu Bölgesi,
2014-09-15,İç Anadolu Bölgesi,
2014-09-22,İç Anadolu Bölgesi,
2014-09-29,İç Anadolu Bölgesi,
2014-10-06,İç Anadolu Bölgesi,
2014-10-13,İç Anadolu Bölgesi,
2014-10-20,İç Anadolu Bölgesi,
2014-10-27,İç Anadolu Bölgesi,
2014-11-03,İç Anadolu Bölgesi,
2014-11-10,İç Anadolu Bölgesi,
2014-11-17,İç Anadolu Bölgesi,
2014-11-24,İç Anadolu Bölgesi,
2014-12-01,İç Anadolu Bölgesi,126439.0
2014-12-08,İç Anadolu Bölgesi,126439.0
2014-12-15,İç Anadolu Bölgesi,126439.0
2014-12-22,İç Anadolu Bölgesi,126439.0
2014-12-29,İç Anadolu Bölgesi,126284.0
2015-01-05,İç Anadolu Bölgesi,126284.0
2015-01-12,İç Anadolu Bölgesi,126284.0
2015-01-19,İç Anadolu Bölgesi,126284.0
2015-01-26,İç Anadolu Bölgesi,126284.0
2015-02-02,İç Anadolu Bölgesi,127921.0
2015-02-09,İç Anadolu Bölgesi,127921.0
2015-02-16,İç Anadolu Bölgesi,127921.0
2015-02-23,İç Anadolu Bölgesi,127921.0
2015-03-02,İç Anadolu Bölgesi,129420.0
2015-03-09,İç Anadolu Bölgesi,129420.0
2015-03-16,İç Anadolu Bölgesi,129420.0
2015-03-23,İç Anadolu Bölgesi,129420.0
2015-03-30,İç Anadolu Bölgesi,129420.0
2015-04-06,İç Anadolu Bölgesi,132148.0
2015-04-13,İç Anadolu Bölgesi,132148.0
2015-04-20,İç Anadolu Bölgesi,132148.0
2015-04-27,İç Anadolu Bölgesi,132148.0
2015-05-04,İç Anadolu Bölgesi,137826.0
2015-05-11,İç Anadolu Bölgesi,137826.0
2015-05-18,İç Anadolu Bölgesi,137826.0
2015-05-25,İç Anadolu Bölgesi,137826.0
2015-06-01,İç Anadolu Bölgesi,143931.0
2015-06-08,İç Anadolu Bölgesi,143931.0
2015-06-15,İç Anadolu Bölgesi,143931.0
2015-06-22,İç Anadolu Bölgesi,143931.0
2015-06-29,İç Anadolu Bölgesi,148429.0
2015-07-06,İç Anadolu Bölgesi,148429.0
2015-07-13,İç Anadolu Bölgesi,148429.0
2015-07-20,İç Anadolu Bölgesi,148429.0
2015-07-27,İç Anadolu Bölgesi,148429.0
2015-08-03,İç Anadolu Bölgesi,150007.0
2015-08-10,İç Anadolu Bölgesi,150007.0
2015-08-17,İç Anadolu Bölgesi,150007.0
2015-08-24,İç Anadolu Bölgesi,150007.0
2015-08-31,İç Anadolu Bölgesi,153948.0
2015-09-07,İç Anadolu Bölgesi,153948.0
2015-09-14,İç Anadolu Bölgesi,153948.0
2015-09-21,İç Anadolu Bölgesi,153948.0
2015-09-28,İç Anadolu Bölgesi,156573.0
2015-10-05,İç Anadolu Bölgesi,156573.0
2015-10-12,İç Anadolu Bölgesi,156573.0
2015-10-19,İç Anadolu Bölgesi,156573.0
2015-10-26,İç Anadolu Bölgesi,156573.0
2015-11-02,İç Anadolu Bölgesi,156458.0
2015-11-09,İç Anadolu Bölgesi,156458.0
2015-11-16,İç Anadolu Bölgesi,156458.0
2015-11-23,İç Anadolu Bölgesi,156458.0
2015-11-30,İç Anadolu Bölgesi,157309.0
2015-12-07,İç Anadolu Bölgesi,157309.0
2015-12-14,İç Anadolu Bölgesi,157309.0
2015-12-21,İç Anadolu Bölgesi,157309.0
2015-12-28,İç Anadolu Bölgesi,157309.0
2016-01-04,İç Anadolu Bölgesi,157731.0
2016-01-11,İç Anadolu Bölgesi,157731.0
2016-01-18,İç Anadolu Bölgesi,157731.0
2016-01-25,İç Anadolu Bölgesi,157731.0
2016-02-01,İç Anadolu Bölgesi,162631.0
2016-02-08,İç Anadolu Bölgesi,162631.0
2016-02-15,İç Anadolu Bölgesi,162631.0
2016-02-22,İç Anadolu Bölgesi,162631.0
2016-02-29,İç Anadolu Bölgesi,159655.0
2016-03-07,İç Anadolu Bölgesi,159655.0
2016-03-14,İç Anadolu Bölgesi,159655.0
2016-03-21,İç Anadolu Bölgesi,159655.0
2016-03-28,İç Anadolu Bölgesi,159655.0
2016-04-04,İç Anadolu Bölgesi,159136.0
2016-04-11,İç Anadolu Bölgesi,159136.0
2016-04-18,İç Anadolu Bölgesi,159136.0
2016-04-25,İç Anadolu Bölgesi,159136.0
2016-05-02,İç Anadolu Bölgesi,158727.0
2016-05-09,İç Anadolu Bölgesi,158727.0
2016-05-16,İç Anadolu Bölgesi,158727.0
2016-05-23,İç Anadolu Bölgesi,158727.0
2016-05-30,İç Anadolu Bölgesi,156516.0
2016-06-06,İç Anadolu Bölgesi,156516.0
2016-06-13,İç Anadolu Bölgesi,156516.0
2016-06-20,İç Anadolu Bölgesi,156516.0
2016-06-27,İç Anadolu Bölgesi,156516.0
2016-07-04,İç Anadolu Bölgesi,157607.0
2016-07-11,İç Anadolu Bölgesi,157607.0
2016-07-18,İç Anadolu Bölgesi,157607.0
2016-07-25,İç Anadolu Bölgesi,157607.0
2016-08-01,İç Anadolu Bölgesi,161246.0
2016-08-08,İç Anadolu Bölgesi,161246.0
2016-08-15,İç Anadolu Bölgesi,161246.0
2016-08-22,İç Anadolu Bölgesi,161246.0
2016-08-29,İç Anadolu Bölgesi,155392.0
2016-09-05,İç Anadolu Bölgesi,155392.0
2016-09-12,İç Anadolu Bölgesi,155392.0
2016-09-19,İç Anadolu Bölgesi,155392.0
2016-09-26,İç Anadolu Bölgesi,155392.0
2016-10-03,İç Anadolu Bölgesi,154335.0
2016-10-10,İç Anadolu Bölgesi,154335.0
2016-10-17,İç Anadolu Bölgesi,154335.0
2016-10-24,İç Anadolu Bölgesi,154335.0
2016-10-31,İç Anadolu Bölgesi,154575.0
2016-11-07,İç Anadolu Bölgesi,154575.0
2016-11-14,İç Anadolu Bölgesi,154575.0
2016-11-21,İç Anadolu Bölgesi,154575.0
2016-11-28,İç Anadolu Bölgesi,156590.0
2016-12-05,İç Anadolu Bölgesi,156590.0
2016-12-12,İç Anadolu Bölgesi,156590.0
2016-12-19,İç Anadolu Bölgesi,156590.0
2016-12-26,İç Anadolu Bölgesi,156590.0
2017-01-02,İç Anadolu Bölgesi,162450.0
2017-01-09,İç Anadolu Bölgesi,162450.0
2017-01-16,İç Anadolu Bölgesi,162450.0
2017-01-23,İç Anadolu Bölgesi,162450.0
2017-01-30,İç Anadolu Bölgesi,158793.0
2017-02-06,İç Anadolu Bölgesi,158793.0
2017-02-13,İç Anadolu Bölgesi,158793.0
2017-02-20,İç Anadolu Bölgesi,158793.0
2017-02-27,İç Anadolu Bölgesi,158793.0
2017-03-06,İç Anadolu Bölgesi,162677.0
2017-03-13,İç Anadolu Bölgesi,162677.0
2017-03-20,İç Anadolu Bölgesi,162677.0
2017-03-27,İç Anadolu Bölgesi,162677.0
2017-04-03,İç Anadolu Bölgesi,162543.0
2017-04-10,İç Anadolu Bölgesi,162543.0
2017-04-17,İç Anadolu Bölgesi,162543.0
2017-04-24,İç Anadolu Bölgesi,162543.0
2017-05-01,İç Anadolu Bölgesi,163131.0
2017-05-08,İç Anadolu Bölgesi,163131.0
2017-05-15,İç Anadolu Bölgesi,163131.0
2017-05-22,İç Anadolu Bölgesi,163131.0
2017-05-29,İç Anadolu Bölgesi,162973.0
2017-06-05,İç Anadolu Bölgesi,162973.0
2017-06-12,İç Anadolu Bölgesi,162973.0
2017-06-19,İç Anadolu Bölgesi,162973.0
2017-06-26,İç Anadolu Bölgesi,162973.0
2017-07-03,İç Anadolu Bölgesi,161743.0
2017-07-10,İç Anadolu Bölgesi,161743.0
2017-07-17,İç Anadolu Bölgesi,161743.0
2017-07-24,İç Anadolu Bölgesi,161743.0
2017-07-31,İç Anadolu Bölgesi,158645.0
2017-08-07,İç Anadolu Bölgesi,158645.0
2017-08-14,İç Anadolu Bölgesi,158645.0
2017-08-21,İç Anadolu Bölgesi,158645.0
2017-08-28,İç Anadolu Bölgesi,164542.0
2017-09-04,İç Anadolu Bölgesi,164542.0
2017-09-11,İç Anadolu Bölgesi,164542.0
2017-09-18,İç Anadolu Bölgesi,164542.0
2017-09-25,İç Anadolu Bölgesi,164542.0
2017-10-02,İç Anadolu Bölgesi,165487.0
2017-10-09,İç Anadolu Bölgesi,165487.0
2017-10-16,İç Anadolu Bölgesi,165487.0
2017-10-23,İç Anadolu Bölgesi,165487.0
2017-10-30,İç Anadolu Bölgesi,165824.0
2017-11-06,İç Anadolu Bölgesi,165824.0
2017-11-13,İç Anadolu Bölgesi,165824.0
2017-11-20,İç Anadolu Bölgesi,165824.0
2017-11-27,İç Anadolu Bölgesi,165824.0
2017-12-04,İç Anadolu Bölgesi,167827.0
2017-12-11,İç Anadolu Bölgesi,167827.0
2017-12-18,İç Anadolu Bölgesi,167827.0
2017-12-25,İç Anadolu Bölgesi,167827.0
2018-01-01,İç Anadolu Bölgesi,163808.0
2018-01-08,İç Anadolu Bölgesi,163808.0
2018-01-15,İç Anadolu Bölgesi,163808.0
2018-01-22,İç Anadolu Bölgesi,163808.0
2018-01-29,İç Anadolu Bölgesi,163805.0
2018-02-05,İç Anadolu Bölgesi,163805.0
2018-02-12,İç Anadolu Bölgesi,163805.0
2018-02-19,İç Anadolu Bölgesi,163805.0
2018-02-26,İç Anadolu Bölgesi,163805.0
2018-03-05,İç Anadolu Bölgesi,160303.0
2018-03-12,İç Anadolu Bölgesi,160303.0
2018-03-19,İç Anadolu Bölgesi,160303.0
2018-03-26,İç Anadolu Bölgesi,160303.0
2018-04-02,İç Anadolu Bölgesi,159985.0
2018-04-09,İç Anadolu Bölgesi,159985.0
2018-04-16,İç Anadolu Bölgesi,159985.0
2018-04-23,İç Anadolu Bölgesi,159985.0
2018-04-30,İç Anadolu Bölgesi,158675.0
2018-05-07,İç Anadolu Bölgesi,158675.0
2018-05-14,İç Anadolu Bölgesi,158675.0
2018-05-21,İç Anadolu Bölgesi,158675.0
2018-05-28,İç Anadolu Bölgesi,158675.0
2018-06-04,İç Anadolu Bölgesi,158279.0
2018-06-11,İç Anadolu Bölgesi,158279.0
2018-06-18,İç Anadolu Bölgesi,158279.0
2018-06-25,İç Anadolu Bölgesi,158279.0
2018-07-02,İç Anadolu Bölgesi,157872.0
2018-07-09,İç Anadolu Bölgesi,157872.0
2018-07-16,İç Anadolu Bölgesi,157872.0
2018-07-23,İç Anadolu Bölgesi,157872.0
2018-07-30,İç Anadolu Bölgesi,154835.0
2018-08-06,İç Anadolu Bölgesi,154835.0
2018-08-13,İç Anadolu Bölgesi,154835.0
2018-08-20,İç Anadolu Bölgesi,154835.0
2018-08-27,İç Anadolu Bölgesi,154835.0
2018-09-03,İç Anadolu Bölgesi,151479.0
2018-09-10,İç Anadolu Bölgesi,151479.0
2018-09-17,İç Anadolu Bölgesi,151479.0
2018-09-24,İç Anadolu Bölgesi,151479.0
2018-10-01,İç Anadolu Bölgesi,145296.0
2018-10-08,İç Anadolu Bölgesi,145296.0
2018-10-15,İç Anadolu Bölgesi,145296.0
2018-10-22,İç Anadolu Bölgesi,145296.0
2018-10-29,İç Anadolu Bölgesi,139282.0
2018-11-05,İç Anadolu Bölgesi,139282.0
2018-11-12,İç Anadolu Bölgesi,139282.0
2018-11-19,İç Anadolu Bölgesi,139282.0
2018-11-26,İç Anadolu Bölgesi,139282.0
2018-12-03,İç Anadolu Bölgesi,128718.0
2018-12-10,İç Anadolu Bölgesi,128718.0
2018-12-17,İç Anadolu Bölgesi,128718.0
2018-12-24,İç Anadolu Bölgesi,128718.0
2018-12-31,İç Anadolu Bölgesi,124657.0
2019-01-07,İç Anadolu Bölgesi,124657.0
2019-01-14,İç Anadolu Bölgesi,124657.0
2019-01-21,İç Anadolu Bölgesi,124657.0
2019-01-28,İç Anadolu Bölgesi,118857.0
2019-02-04,İç Anadolu Bölgesi,118857.0
2019-02-11,İç Anadolu Bölgesi,118857.0
2019-02-18,İç Anadolu Bölgesi,118857.0
2019-02-25,İç Anadolu Bölgesi,118857.0
2019-03-04,İç Anadolu Bölgesi,114533.0
2019-03-11,İç Anadolu Bölgesi,114533.0
2019-03-18,İç Anadolu Bölgesi,114533.0
2019-03-25,İç Anadolu Bölgesi,114533.0
2019-04-01,İç Anadolu Bölgesi,111089.0
2019-04-08,İç Anadolu Bölgesi,111089.0
2019-04-15,İç Anadolu Bölgesi,111089.0
2019-04-22,İç Anadolu Bölgesi,111089.0
2019-04-29,İç Anadolu Bölgesi,106908.0
2019-05-06,İç Anadolu Bölgesi,106908.0
2019-05-13,İç Anadolu Bölgesi,106908.0
2019-05-20,İç Anadolu Bölgesi,106908.0
2019-05-27,İç Anadolu Bölgesi,106908.0
2019-06-03,İç Anadolu Bölgesi,101999.0
2019-06-10,İç Anadolu Bölgesi,101999.0
2019-06-17,İç Anadolu Bölgesi,101999.0
2019-06-24,İç Anadolu Bölgesi,101999.0
2019-07-01,İç Anadolu Bölgesi,95795.0
2019-07-08,İç Anadolu Bölgesi,95795.0
2019-07-15,İç Anadolu Bölgesi,95795.0
2019-07-22,İç Anadolu Bölgesi,95795.0
2019-07-29,İç Anadolu Bölgesi,92467.0
2019-08-05,İç Anadolu Bölgesi,92467.0
2019-08-12,İç Anadolu Bölgesi,92467.0
2019-08-19,İç Anadolu Bölgesi,92467.0
2019-08-26,İç Anadolu Bölgesi,92467.0
2019-09-02,İç Anadolu Bölgesi,88316.0
2019-09-09,İç Anadolu Bölgesi,88316.0
2019-09-16,İç Anadolu Bölgesi,88316.0
2019-09-23,İç Anadolu Bölgesi,88316.0
2019-09-30,İç Anadolu Bölgesi,85293.0
2019-10-07,İç Anadolu Bölgesi,85293.0
2019-10-14,İç Anadolu Bölgesi,85293.0
2019-10-21,İç Anadolu Bölgesi,85293.0
2019-10-28,İç Anadolu Bölgesi,85293.0
2019-11-04,İç Anadolu Bölgesi,86403.0
2019-11-11,İç Anadolu Bölgesi,86403.0
2019-11-18,İç Anadolu Bölgesi,86403.0
2019-11-25,İç Anadolu Bölgesi,86403.0
2019-12-02,İç Anadolu Bölgesi,90466.0
2019-12-09,İç Anadolu Bölgesi,90466.0
2019-12-16,İç Anadolu Bölgesi,90466.0
2019-12-23,İç Anadolu Bölgesi,90466.0
2019-12-30,İç Anadolu Bölgesi,89389.0
